案件ID,登録日,情報源ID,登録担当社員ID,登録時点支店ID,案件種別,成約フラグ,粗利_見込み,ステータス,失注理由
AK24040001,2024-04-12,3,1009,2,買取,False,1685274,失注,競合負け
AK24040002,2024-04-24,2,1012,2,買取,True,1486143,成約,
AK24040003,2024-04-02,2,1005,1,売却仲介,True,840081,成約,
AK24040004,2024-04-16,2,1009,2,買取,False,1572853,保留,
AK24040005,2024-04-09,3,1004,1,買取,False,1779744,活動中,
AK24040006,2024-04-29,3,1010,2,売却仲介,True,795692,成約,
AK24040007,2024-04-03,1,1011,2,売却仲介,False,729844,失注,競合負け
AK24040008,2024-04-03,4,1010,2,買取,False,2337043,保留,
AK24040009,2024-04-09,2,1012,2,購入仲介,False,2430705,失注,価格不一致
AK24040010,2024-04-25,2,1012,2,買取,False,3223936,失注,オーナー都合
AK24040011,2024-04-15,6,1010,2,買取,False,2182787,活動中,
AK24040012,2024-04-25,6,1012,2,買取,False,2845820,活動中,
AK24040013,2024-04-05,1,1012,2,買取,True,1335776,成約,
AK24040014,2024-04-02,2,1005,1,買取,True,3052607,成約,
AK24040015,2024-04-22,4,1004,1,買取,False,2524382,活動中,
AK24040016,2024-04-30,4,1012,2,買取,False,2852644,失注,オーナー都合
AK24040017,2024-04-22,4,1010,2,売却仲介,True,736379,成約,
AK24040018,2024-04-08,1,1003,1,買取,True,2283370,成約,
AK24040019,2024-04-08,4,1002,1,買取,True,1697223,成約,
AK24040020,2024-04-05,4,1012,2,売却仲介,False,924423,保留,
AK24040021,2024-04-26,4,1005,1,買取,True,3700107,成約,
AK24040022,2024-04-22,1,1002,1,売却仲介,False,828345,失注,条件不一致
AK24040023,2024-04-26,2,1009,2,購入仲介,True,709818,成約,
AK24040024,2024-04-05,1,1011,2,買取,True,2015258,成約,
AK24040025,2024-04-18,2,1002,1,売却仲介,False,977688,失注,競合負け
AK24040026,2024-04-16,5,1010,2,買取,False,3178539,失注,競合負け
AK24040027,2024-04-01,5,1010,2,購入仲介,True,1384863,成約,
AK24040028,2024-04-23,5,1010,2,購入仲介,False,604130,保留,
AK24040029,2024-04-10,2,1004,1,買取,True,1754321,成約,
AK24040030,2024-04-02,2,1012,2,購入仲介,True,454166,成約,
AK24040031,2024-04-22,1,1003,1,購入仲介,False,958899,失注,価格不一致
AK24050032,2024-05-17,2,1012,2,買取,True,1871467,成約,
AK24050033,2024-05-30,6,1008,2,売却仲介,True,794085,成約,
AK24050034,2024-05-03,2,1012,2,買取,True,2048769,成約,
AK24050035,2024-05-27,1,1010,2,買取,True,1803151,成約,
AK24050036,2024-05-29,4,1002,1,買取,False,2744393,活動中,
AK24050037,2024-05-20,1,1005,1,買取,False,1390122,活動中,
AK24050038,2024-05-16,3,1011,2,買取,False,2529167,失注,価格不一致
AK24050039,2024-05-27,1,1009,2,買取,True,4803426,成約,
AK24050040,2024-05-01,2,1011,2,買取,False,1075603,失注,価格不一致
AK24050041,2024-05-14,3,1008,2,買取,True,2055609,成約,
AK24050042,2024-05-29,1,1008,2,購入仲介,False,584823,失注,競合負け
AK24050043,2024-05-06,6,1003,1,購入仲介,True,703302,成約,
AK24050044,2024-05-22,3,1009,2,購入仲介,False,999305,活動中,
AK24050045,2024-05-23,5,1003,1,買取,False,3451130,保留,
AK24050046,2024-05-07,2,1004,1,売却仲介,True,2208959,成約,
AK24050047,2024-05-08,2,1004,1,買取,True,2734302,成約,
AK24050048,2024-05-31,4,1011,2,買取,False,1523693,活動中,
AK24050049,2024-05-31,1,1003,1,購入仲介,True,877882,成約,
AK24050050,2024-05-14,1,1008,2,売却仲介,False,1122790,保留,
AK24050051,2024-05-07,2,1012,2,買取,False,2144873,失注,競合負け
AK24050052,2024-05-14,3,1008,2,買取,False,1229251,活動中,
AK24050053,2024-05-22,3,1012,2,売却仲介,False,1073212,活動中,
AK24050054,2024-05-10,1,1011,2,売却仲介,True,546105,成約,
AK24050055,2024-05-07,4,1003,1,買取,False,1440332,失注,オーナー都合
AK24050056,2024-05-27,5,1009,2,買取,True,2778666,成約,
AK24050057,2024-05-16,6,1011,2,売却仲介,False,587513,失注,価格不一致
AK24050058,2024-05-17,1,1005,1,売却仲介,False,893626,失注,競合負け
AK24050059,2024-05-08,4,1005,1,売却仲介,True,1113746,成約,
AK24050060,2024-05-20,3,1010,2,売却仲介,True,830574,成約,
AK24050061,2024-05-07,2,1012,2,売却仲介,True,567788,成約,
AK24050062,2024-05-21,1,1003,1,売却仲介,False,757257,失注,条件不一致
AK24060063,2024-06-28,6,1004,1,買取,True,1903119,成約,
AK24060064,2024-06-06,1,1011,2,売却仲介,False,436449,活動中,
AK24060065,2024-06-27,2,1004,1,売却仲介,False,1062792,保留,
AK24060066,2024-06-03,3,1004,1,売却仲介,True,830147,成約,
AK24060067,2024-06-03,3,1011,2,買取,True,2126839,成約,
AK24060068,2024-06-14,4,1011,2,買取,False,1152668,保留,
AK24060069,2024-06-28,5,1012,2,購入仲介,False,549759,保留,
AK24060070,2024-06-12,5,1001,1,買取,True,2457553,成約,
AK24060071,2024-06-13,5,1010,2,買取,False,2969602,保留,
AK24060072,2024-06-27,2,1003,1,買取,True,1468170,成約,
AK24060073,2024-06-21,2,1002,1,買取,False,1614914,失注,価格不一致
AK24060074,2024-06-13,2,1005,1,買取,True,1655949,成約,
AK24060075,2024-06-27,3,1005,1,買取,True,2105530,成約,
AK24060076,2024-06-07,6,1001,1,売却仲介,False,355866,失注,競合負け
AK24060077,2024-06-04,4,1010,2,売却仲介,True,861946,成約,
AK24060078,2024-06-06,1,1008,2,売却仲介,False,410328,失注,競合負け
AK24060079,2024-06-04,1,1005,1,売却仲介,False,587504,保留,
AK24060080,2024-06-07,2,1009,2,買取,False,3887117,失注,価格不一致
AK24060081,2024-06-28,1,1005,1,売却仲介,False,908430,失注,オーナー都合
AK24060082,2024-06-14,4,1011,2,売却仲介,True,419775,成約,
AK24060083,2024-06-27,6,1009,2,買取,True,2887213,成約,
AK24060084,2024-06-21,1,1011,2,買取,False,3319823,保留,
AK24060085,2024-06-14,1,1010,2,売却仲介,False,602774,活動中,
AK24060086,2024-06-27,2,1004,1,購入仲介,True,955408,成約,
AK24060087,2024-06-19,3,1010,2,売却仲介,True,793802,成約,
AK24060088,2024-06-06,2,1008,2,買取,True,1807816,成約,
AK24060089,2024-06-17,1,1011,2,購入仲介,True,1358202,成約,
AK24060090,2024-06-25,6,1011,2,買取,True,5115862,成約,
AK24060091,2024-06-10,1,1004,1,売却仲介,False,1036367,活動中,
AK24060092,2024-06-24,3,1009,2,売却仲介,True,841385,成約,
AK24060093,2024-06-04,2,1005,1,売却仲介,True,487595,成約,
AK24060094,2024-06-07,2,1003,1,買取,True,2057591,成約,
AK24060095,2024-06-12,5,1004,1,買取,True,1559323,成約,
AK24070096,2024-07-19,5,1001,1,買取,False,2261587,活動中,
AK24070097,2024-07-31,2,1003,1,買取,False,2493885,保留,
AK24070098,2024-07-03,5,1002,1,買取,True,1505456,成約,
AK24070099,2024-07-08,3,1002,1,買取,False,3722111,失注,条件不一致
AK24070100,2024-07-30,4,1010,2,買取,False,1677559,保留,
AK24070101,2024-07-19,1,1005,1,売却仲介,False,803896,失注,競合負け
AK24070102,2024-07-09,5,1004,1,売却仲介,True,1160940,成約,
AK24070103,2024-07-01,3,1002,1,買取,False,1766571,保留,
AK24070104,2024-07-02,1,1005,1,買取,False,2276897,保留,
AK24070105,2024-07-22,6,1002,1,買取,True,1898549,成約,
AK24070106,2024-07-30,2,1003,1,買取,True,3178443,成約,
AK24070107,2024-07-04,3,1010,2,買取,True,1992958,成約,
AK24070108,2024-07-09,4,1008,2,買取,True,1439447,成約,
AK24070109,2024-07-02,4,1012,2,売却仲介,True,867955,成約,
AK24070110,2024-07-30,6,1010,2,買取,False,1652343,保留,
AK24070111,2024-07-03,6,1010,2,買取,True,1533352,成約,
AK24070112,2024-07-22,6,1005,1,購入仲介,False,1443396,失注,条件不一致
AK24070113,2024-07-11,1,1002,1,買取,True,1772192,成約,
AK24070114,2024-07-02,3,1009,2,買取,True,1436564,成約,
AK24070115,2024-07-30,2,1003,1,買取,False,2056505,保留,
AK24070116,2024-07-01,6,1002,1,購入仲介,False,1185610,失注,競合負け
AK24070117,2024-07-18,1,1005,1,買取,False,2417171,失注,価格不一致
AK24070118,2024-07-31,3,1010,2,買取,False,2043956,保留,
AK24070119,2024-07-17,3,1005,1,売却仲介,True,673060,成約,
AK24070120,2024-07-15,3,1004,1,売却仲介,True,1134037,成約,
AK24070121,2024-07-03,1,1003,1,買取,False,1913194,保留,
AK24070122,2024-07-30,3,1008,2,売却仲介,True,1182203,成約,
AK24070123,2024-07-19,2,1005,1,売却仲介,False,629455,失注,条件不一致
AK24070124,2024-07-16,1,1011,2,買取,False,1476233,保留,
AK24070125,2024-07-30,6,1010,2,買取,True,2124007,成約,
AK24070126,2024-07-11,1,1001,1,売却仲介,False,471782,保留,
AK24070127,2024-07-22,6,1009,2,売却仲介,False,1664358,失注,条件不一致
AK24070128,2024-07-05,5,1001,1,買取,False,3205676,失注,条件不一致
AK24070129,2024-07-17,6,1002,1,購入仲介,True,663110,成約,
AK24070130,2024-07-03,2,1003,1,買取,False,1289441,活動中,
AK24070131,2024-07-23,6,1012,2,買取,True,2233123,成約,
AK24070132,2024-07-02,6,1011,2,売却仲介,True,629459,成約,
AK24070133,2024-07-04,4,1002,1,売却仲介,False,815175,失注,条件不一致
AK24080134,2024-08-26,6,1001,1,買取,True,1670496,成約,
AK24080135,2024-08-06,4,1003,1,買取,False,2477732,失注,条件不一致
AK24080136,2024-08-05,2,1012,2,買取,False,2284330,保留,
AK24080137,2024-08-22,2,1005,1,買取,False,1482533,活動中,
AK24080138,2024-08-06,4,1011,2,買取,False,3205493,活動中,
AK24080139,2024-08-23,3,1009,2,買取,False,2054750,失注,条件不一致
AK24080140,2024-08-08,3,1010,2,買取,True,1810424,成約,
AK24080141,2024-08-01,1,1005,1,売却仲介,False,1136537,失注,条件不一致
AK24080142,2024-08-26,1,1005,1,買取,False,3054197,失注,競合負け
AK24080143,2024-08-09,2,1012,2,売却仲介,False,395881,失注,価格不一致
AK24080144,2024-08-26,3,1001,1,買取,False,1795681,失注,価格不一致
AK24080145,2024-08-14,2,1005,1,買取,True,2664893,成約,
AK24080146,2024-08-28,6,1005,1,買取,True,1011864,成約,
AK24080147,2024-08-12,3,1011,2,買取,True,2349952,成約,
AK24080148,2024-08-13,2,1012,2,売却仲介,False,926348,失注,競合負け
AK24080149,2024-08-01,2,1010,2,売却仲介,False,549308,活動中,
AK24080150,2024-08-08,2,1012,2,売却仲介,False,780192,保留,
AK24080151,2024-08-21,3,1005,1,買取,True,2930590,成約,
AK24080152,2024-08-12,2,1010,2,売却仲介,False,766473,保留,
AK24080153,2024-08-05,2,1012,2,購入仲介,False,528749,保留,
AK24080154,2024-08-14,2,1012,2,購入仲介,True,1755487,成約,
AK24080155,2024-08-15,1,1010,2,購入仲介,False,982840,失注,オーナー都合
AK24080156,2024-08-29,1,1011,2,購入仲介,True,1295258,成約,
AK24080157,2024-08-28,5,1004,1,売却仲介,True,732324,成約,
AK24080158,2024-08-01,2,1012,2,買取,True,2521739,成約,
AK24080159,2024-08-07,2,1012,2,売却仲介,True,1124588,成約,
AK24080160,2024-08-01,6,1012,2,買取,False,6853089,失注,オーナー都合
AK24080161,2024-08-22,1,1003,1,購入仲介,True,1251930,成約,
AK24090162,2024-09-02,1,1005,1,買取,False,748599,失注,価格不一致
AK24090163,2024-09-25,2,1010,2,買取,True,1855928,成約,
AK24090164,2024-09-02,5,1001,1,購入仲介,False,519046,保留,
AK24090165,2024-09-16,3,1002,1,売却仲介,False,1220168,失注,オーナー都合
AK24090166,2024-09-05,2,1012,2,買取,True,2597633,成約,
AK24090167,2024-09-17,3,1010,2,売却仲介,True,684976,成約,
AK24090168,2024-09-24,1,1011,2,購入仲介,False,1158733,失注,条件不一致
AK24090169,2024-09-27,1,1008,2,買取,False,4292691,失注,オーナー都合
AK24090170,2024-09-11,6,1009,2,売却仲介,True,457229,成約,
AK24090171,2024-09-03,1,1010,2,買取,True,1665130,成約,
AK24090172,2024-09-18,6,1011,2,買取,True,1415596,成約,
AK24090173,2024-09-12,1,1005,1,買取,False,2337889,失注,条件不一致
AK24090174,2024-09-04,6,1004,1,買取,False,1933213,失注,オーナー都合
AK24090175,2024-09-26,5,1012,2,買取,False,1497124,失注,オーナー都合
AK24090176,2024-09-06,4,1001,1,買取,False,1616260,活動中,
AK24090177,2024-09-06,6,1008,2,購入仲介,False,1811553,保留,
AK24090178,2024-09-05,2,1002,1,売却仲介,False,1529133,失注,競合負け
AK24090179,2024-09-11,4,1009,2,買取,True,1595718,成約,
AK24090180,2024-09-09,4,1002,1,買取,False,2038840,保留,
AK24090181,2024-09-09,2,1009,2,買取,False,1268062,活動中,
AK24090182,2024-09-04,2,1009,2,買取,False,2226084,保留,
AK24090183,2024-09-10,2,1011,2,買取,True,1884620,成約,
AK24090184,2024-09-10,3,1005,1,買取,True,1587865,成約,
AK24090185,2024-09-18,1,1011,2,売却仲介,False,856199,失注,条件不一致
AK24090186,2024-09-30,1,1001,1,買取,True,2072809,成約,
AK24090187,2024-09-13,1,1002,1,買取,False,1576710,保留,
AK24090188,2024-09-03,1,1008,2,買取,True,2530656,成約,
AK24090189,2024-09-11,1,1008,2,売却仲介,True,718043,成約,
AK24090190,2024-09-25,5,1011,2,買取,False,885057,失注,競合負け
AK24090191,2024-09-05,3,1002,1,買取,True,1336310,成約,
AK24090192,2024-09-25,5,1010,2,売却仲介,False,1114737,活動中,
AK24090193,2024-09-05,6,1008,2,買取,True,825879,成約,
AK24090194,2024-09-02,3,1010,2,買取,False,2289986,失注,価格不一致
AK24090195,2024-09-20,3,1012,2,買取,True,1693897,成約,
AK24090196,2024-09-20,1,1008,2,買取,True,2787880,成約,
AK24090197,2024-09-17,3,1002,1,売却仲介,True,939573,成約,
AK24090198,2024-09-17,1,1011,2,売却仲介,True,669651,成約,
AK24090199,2024-09-25,4,1009,2,買取,False,1383035,活動中,
AK24090200,2024-09-11,4,1002,1,買取,False,2359668,活動中,
AK24100201,2024-10-22,2,1012,2,買取,True,4237042,成約,
AK24100202,2024-10-22,3,1003,1,売却仲介,False,1039357,失注,条件不一致
AK24100203,2024-10-01,1,1011,2,買取,True,1956022,成約,
AK24100204,2024-10-03,5,1003,1,買取,False,2089458,失注,オーナー都合
AK24100205,2024-10-23,3,1012,2,売却仲介,False,1069469,失注,条件不一致
AK24100206,2024-10-14,6,1001,1,買取,False,1457842,保留,
AK24100207,2024-10-10,3,1012,2,売却仲介,False,966034,失注,競合負け
AK24100208,2024-10-31,3,1005,1,売却仲介,True,1513055,成約,
AK24100209,2024-10-15,6,1012,2,買取,True,1929104,成約,
AK24100210,2024-10-02,1,1005,1,売却仲介,False,1239283,失注,価格不一致
AK24100211,2024-10-03,1,1005,1,売却仲介,True,1227838,成約,
AK24100212,2024-10-03,1,1009,2,購入仲介,True,533665,成約,
AK24100213,2024-10-14,3,1001,1,買取,True,1824298,成約,
AK24100214,2024-10-23,3,1002,1,売却仲介,False,1559655,失注,価格不一致
AK24100215,2024-10-30,1,1005,1,売却仲介,False,797873,失注,条件不一致
AK24100216,2024-10-01,3,1010,2,購入仲介,True,471988,成約,
AK24100217,2024-10-31,2,1011,2,売却仲介,True,1056898,成約,
AK24100218,2024-10-08,6,1005,1,買取,True,2459147,成約,
AK24100219,2024-10-01,2,1011,2,売却仲介,True,610077,成約,
AK24100220,2024-10-01,4,1009,2,売却仲介,True,865965,成約,
AK24100221,2024-10-17,2,1002,1,購入仲介,True,2236309,成約,
AK24100222,2024-10-17,1,1011,2,売却仲介,False,722430,保留,
AK24100223,2024-10-21,3,1001,1,買取,True,3650062,成約,
AK24100224,2024-10-24,2,1012,2,売却仲介,True,455596,成約,
AK24100225,2024-10-21,3,1008,2,買取,False,1730466,保留,
AK24100226,2024-10-21,2,1010,2,買取,True,1945095,成約,
AK24100227,2024-10-30,1,1008,2,買取,False,2080577,保留,
AK24100228,2024-10-02,1,1005,1,売却仲介,True,759358,成約,
AK24100229,2024-10-28,1,1001,1,売却仲介,True,1064021,成約,
AK24100230,2024-10-24,6,1009,2,買取,False,1372977,活動中,
AK24100231,2024-10-16,5,1003,1,売却仲介,True,1545604,成約,
AK24100232,2024-10-24,2,1002,1,買取,True,2535491,成約,
AK24100233,2024-10-10,5,1005,1,買取,False,4051235,失注,条件不一致
AK24100234,2024-10-15,1,1008,2,買取,False,1508943,活動中,
AK24100235,2024-10-14,3,1012,2,買取,False,1138558,失注,価格不一致
AK24100236,2024-10-17,2,1009,2,売却仲介,False,479354,失注,競合負け
AK24100237,2024-10-22,3,1012,2,売却仲介,True,1614094,成約,
AK24110238,2024-11-20,6,1012,2,買取,True,1608300,成約,
AK24110239,2024-11-13,6,1008,2,買取,True,1748679,成約,
AK24110240,2024-11-25,1,1005,1,買取,False,1009121,活動中,
AK24110241,2024-11-07,1,1010,2,買取,False,1194548,保留,
AK24110242,2024-11-29,2,1003,1,売却仲介,False,832920,活動中,
AK24110243,2024-11-18,1,1008,2,買取,False,1042175,失注,競合負け
AK24110244,2024-11-08,2,1008,2,買取,True,2494011,成約,
AK24110245,2024-11-26,1,1010,2,購入仲介,True,1529697,成約,
AK24110246,2024-11-13,3,1005,1,購入仲介,False,383086,保留,
AK24110247,2024-11-27,2,1009,2,売却仲介,True,479517,成約,
AK24110248,2024-11-15,4,1002,1,買取,False,2165325,失注,競合負け
AK24110249,2024-11-14,2,1003,1,買取,False,1087129,失注,競合負け
AK24110250,2024-11-06,1,1005,1,買取,False,1453205,失注,オーナー都合
AK24110251,2024-11-29,4,1011,2,買取,True,2516160,成約,
AK24110252,2024-11-21,1,1011,2,買取,False,2153472,失注,競合負け
AK24110253,2024-11-29,1,1012,2,売却仲介,False,1020082,失注,価格不一致
AK24110254,2024-11-21,1,1002,1,売却仲介,False,435693,失注,条件不一致
AK24110255,2024-11-21,2,1012,2,買取,False,1017475,活動中,
AK24110256,2024-11-08,4,1005,1,売却仲介,False,1187327,活動中,
AK24110257,2024-11-06,1,1010,2,買取,False,2149177,失注,オーナー都合
AK24110258,2024-11-05,2,1012,2,買取,False,1749283,活動中,
AK24110259,2024-11-05,3,1009,2,売却仲介,False,428988,失注,オーナー都合
AK24110260,2024-11-15,5,1004,1,買取,False,1704027,失注,価格不一致
AK24110261,2024-11-13,5,1001,1,購入仲介,True,517753,成約,
AK24110262,2024-11-11,3,1012,2,買取,True,1495248,成約,
AK24110263,2024-11-15,6,1009,2,購入仲介,True,730780,成約,
AK24110264,2024-11-20,4,1001,1,購入仲介,False,1024619,保留,
AK24110265,2024-11-18,3,1005,1,買取,True,1668040,成約,
AK24110266,2024-11-19,3,1009,2,売却仲介,True,869298,成約,
AK24110267,2024-11-15,6,1009,2,売却仲介,True,1219105,成約,
AK24110268,2024-11-13,5,1002,1,買取,False,1936691,活動中,
AK24110269,2024-11-07,2,1003,1,売却仲介,True,456025,成約,
AK24110270,2024-11-05,1,1001,1,売却仲介,False,874336,保留,
AK24110271,2024-11-20,2,1003,1,購入仲介,True,660576,成約,
AK24110272,2024-11-20,2,1009,2,売却仲介,True,844382,成約,
AK24110273,2024-11-18,1,1011,2,買取,False,2163590,保留,
AK24120274,2024-12-19,3,1009,2,買取,False,2225468,失注,条件不一致
AK24120275,2024-12-31,1,1005,1,売却仲介,False,1141917,失注,価格不一致
AK24120276,2024-12-16,1,1012,2,買取,False,2066922,保留,
AK24120277,2024-12-27,6,1003,1,売却仲介,True,1225132,成約,
AK24120278,2024-12-11,3,1001,1,買取,True,1521618,成約,
AK24120279,2024-12-18,4,1011,2,買取,False,1020628,保留,
AK24120280,2024-12-31,4,1008,2,買取,False,989760,活動中,
AK24120281,2024-12-12,1,1011,2,売却仲介,False,709434,活動中,
AK24120282,2024-12-16,2,1012,2,買取,True,1449519,成約,
AK24120283,2024-12-11,6,1010,2,買取,False,922817,活動中,
AK24120284,2024-12-04,3,1005,1,売却仲介,False,493564,保留,
AK24120285,2024-12-31,1,1008,2,売却仲介,True,748688,成約,
AK24120286,2024-12-12,5,1002,1,購入仲介,False,784327,保留,
AK24120287,2024-12-27,3,1004,1,買取,False,2619739,活動中,
AK24120288,2024-12-04,1,1003,1,売却仲介,False,855077,失注,価格不一致
AK24120289,2024-12-02,3,1011,2,買取,True,2435440,成約,
AK24120290,2024-12-30,2,1009,2,購入仲介,True,619961,成約,
AK24120291,2024-12-11,1,1005,1,買取,True,1722518,成約,
AK24120292,2024-12-27,2,1003,1,買取,False,2415034,保留,
AK24120293,2024-12-06,2,1010,2,購入仲介,False,2054036,活動中,
AK24120294,2024-12-10,4,1001,1,売却仲介,True,1164150,成約,
AK24120295,2024-12-18,5,1010,2,買取,False,1712692,失注,条件不一致
AK24120296,2024-12-26,6,1005,1,買取,True,2242280,成約,
AK24120297,2024-12-25,2,1012,2,買取,True,2085568,成約,
AK24120298,2024-12-05,2,1003,1,買取,False,1625966,失注,オーナー都合
AK24120299,2024-12-25,6,1009,2,買取,True,2187287,成約,
AK24120300,2024-12-04,2,1001,1,買取,True,2627160,成約,
AK24120301,2024-12-31,6,1012,2,買取,True,2260009,成約,
AK25010302,2025-01-23,3,1011,2,買取,False,3476446,失注,価格不一致
AK25010303,2025-01-29,1,1011,2,買取,False,2592521,失注,競合負け
AK25010304,2025-01-28,6,1008,2,買取,True,1870676,成約,
AK25010305,2025-01-15,5,1001,1,買取,True,2437881,成約,
AK25010306,2025-01-09,6,1009,2,売却仲介,False,464364,失注,価格不一致
AK25010307,2025-01-23,3,1009,2,買取,False,2695674,失注,条件不一致
AK25010308,2025-01-10,3,1001,1,買取,False,1768330,保留,
AK25010309,2025-01-29,4,1008,2,買取,False,2183234,保留,
AK25010310,2025-01-03,2,1009,2,売却仲介,False,770079,失注,オーナー都合
AK25010311,2025-01-06,4,1002,1,購入仲介,False,894460,失注,競合負け
AK25010312,2025-01-01,6,1001,1,購入仲介,True,669170,成約,
AK25010313,2025-01-13,1,1011,2,売却仲介,True,691891,成約,
AK25010314,2025-01-07,2,1005,1,購入仲介,False,1290300,失注,価格不一致
AK25010315,2025-01-20,1,1009,2,売却仲介,False,434996,失注,競合負け
AK25010316,2025-01-03,6,1004,1,買取,True,1599319,成約,
AK25010317,2025-01-17,4,1001,1,購入仲介,True,354431,成約,
AK25010318,2025-01-20,6,1012,2,売却仲介,False,679946,失注,オーナー都合
AK25010319,2025-01-22,3,1003,1,買取,True,1222868,成約,
AK25010320,2025-01-31,4,1001,1,売却仲介,True,1062047,成約,
AK25010321,2025-01-14,6,1009,2,買取,True,2835249,成約,
AK25010322,2025-01-30,4,1010,2,買取,True,1086473,成約,
AK25010323,2025-01-21,1,1008,2,買取,False,1841389,活動中,
AK25010324,2025-01-24,1,1002,1,売却仲介,True,484925,成約,
AK25010325,2025-01-20,6,1012,2,買取,True,2448187,成約,
AK25010326,2025-01-31,5,1005,1,購入仲介,True,960364,成約,
AK25010327,2025-01-24,1,1002,1,購入仲介,False,1361405,失注,競合負け
AK25010328,2025-01-30,1,1009,2,買取,False,2163561,活動中,
AK25010329,2025-01-15,4,1009,2,買取,False,2655807,活動中,
AK25010330,2025-01-17,2,1008,2,購入仲介,True,610363,成約,
AK25010331,2025-01-30,1,1008,2,買取,True,1487079,成約,
AK25010332,2025-01-24,2,1012,2,買取,True,1540485,成約,
AK25010333,2025-01-21,3,1011,2,購入仲介,True,928401,成約,
AK25020334,2025-02-06,1,1008,2,買取,False,1358466,失注,価格不一致
AK25020335,2025-02-27,1,1011,2,売却仲介,False,784877,失注,価格不一致
AK25020336,2025-02-05,6,1009,2,売却仲介,True,798848,成約,
AK25020337,2025-02-17,3,1004,1,買取,True,2467246,成約,
AK25020338,2025-02-17,2,1001,1,売却仲介,True,353512,成約,
AK25020339,2025-02-27,2,1011,2,売却仲介,True,714920,成約,
AK25020340,2025-02-17,2,1002,1,買取,True,2566315,成約,
AK25020341,2025-02-13,1,1008,2,買取,True,4128603,成約,
AK25020342,2025-02-13,5,1002,1,買取,False,2578520,失注,価格不一致
AK25020343,2025-02-03,1,1003,1,買取,False,2093757,活動中,
AK25020344,2025-02-28,5,1012,2,購入仲介,False,1169895,失注,競合負け
AK25020345,2025-02-28,2,1004,1,売却仲介,True,939313,成約,
AK25020346,2025-02-18,4,1002,1,売却仲介,True,616491,成約,
AK25020347,2025-02-19,6,1004,1,買取,False,1323813,保留,
AK25020348,2025-02-10,4,1002,1,買取,True,1618383,成約,
AK25020349,2025-02-17,2,1002,1,売却仲介,True,509525,成約,
AK25020350,2025-02-27,3,1004,1,買取,False,1804343,保留,
AK25020351,2025-02-21,6,1008,2,買取,False,1026046,保留,
AK25020352,2025-02-12,4,1004,1,売却仲介,True,659404,成約,
AK25020353,2025-02-13,2,1012,2,買取,True,1070819,成約,
AK25020354,2025-02-24,3,1003,1,買取,True,1969429,成約,
AK25020355,2025-02-05,4,1002,1,買取,False,3469007,保留,
AK25020356,2025-02-03,1,1002,1,買取,True,2729050,成約,
AK25020357,2025-02-19,6,1011,2,買取,False,2276563,失注,競合負け
AK25020358,2025-02-10,2,1005,1,買取,True,1779889,成約,
AK25020359,2025-02-24,1,1008,2,売却仲介,False,503903,失注,条件不一致
AK25020360,2025-02-05,3,1002,1,買取,False,2272399,活動中,
AK25020361,2025-02-13,6,1012,2,売却仲介,True,1104920,成約,
AK25020362,2025-02-05,2,1012,2,買取,True,1658753,成約,
AK25020363,2025-02-24,1,1005,1,売却仲介,False,717414,失注,オーナー都合
AK25020364,2025-02-27,2,1009,2,売却仲介,True,1191678,成約,
AK25020365,2025-02-18,2,1012,2,買取,False,2592744,失注,条件不一致
AK25020366,2025-02-26,4,1004,1,買取,False,1146081,保留,
AK25020367,2025-02-05,2,1010,2,売却仲介,True,1122645,成約,
AK25020368,2025-02-26,2,1009,2,買取,True,2330123,成約,
AK25020369,2025-02-26,1,1011,2,購入仲介,False,931226,失注,価格不一致
AK25020370,2025-02-12,1,1004,1,買取,False,2675667,保留,
AK25020371,2025-02-26,1,1008,2,買取,True,2041991,成約,
AK25030372,2025-03-04,3,1001,1,買取,False,2885442,失注,価格不一致
AK25030373,2025-03-12,3,1003,1,買取,True,2297318,成約,
AK25030374,2025-03-04,1,1010,2,買取,False,1374046,活動中,
AK25030375,2025-03-10,4,1002,1,買取,False,2587919,失注,オーナー都合
AK25030376,2025-03-26,6,1002,1,買取,False,2233957,失注,競合負け
AK25030377,2025-03-06,2,1011,2,買取,True,1541663,成約,
AK25030378,2025-03-24,6,1001,1,売却仲介,True,790176,成約,
AK25030379,2025-03-07,3,1009,2,買取,False,2167526,失注,価格不一致
AK25030380,2025-03-06,1,1011,2,買取,True,3044719,成約,
AK25030381,2025-03-13,3,1012,2,売却仲介,False,1537609,活動中,
AK25030382,2025-03-28,1,1008,2,買取,True,1264414,成約,
AK25030383,2025-03-04,4,1005,1,買取,False,1813909,保留,
AK25030384,2025-03-20,2,1009,2,買取,True,2941095,成約,
AK25030385,2025-03-11,3,1003,1,売却仲介,False,753394,活動中,
AK25030386,2025-03-05,3,1001,1,買取,True,2103027,成約,
AK25030387,2025-03-06,3,1010,2,買取,True,1548927,成約,
AK25030388,2025-03-25,4,1003,1,買取,False,1511497,保留,
AK25030389,2025-03-17,2,1011,2,買取,True,2961966,成約,
AK25030390,2025-03-04,2,1009,2,売却仲介,False,793646,失注,オーナー都合
AK25030391,2025-03-12,2,1001,1,購入仲介,True,1204283,成約,
AK25030392,2025-03-07,3,1004,1,売却仲介,False,1050058,活動中,
AK25030393,2025-03-21,4,1012,2,買取,False,2517671,失注,競合負け
AK25030394,2025-03-19,6,1001,1,買取,True,1807731,成約,
AK25030395,2025-03-27,1,1011,2,買取,False,1787605,保留,
AK25030396,2025-03-28,2,1001,1,売却仲介,False,1179648,失注,競合負け
AK25030397,2025-03-11,3,1003,1,売却仲介,False,624925,保留,
AK25030398,2025-03-05,3,1010,2,売却仲介,True,1466184,成約,
AK25030399,2025-03-03,2,1010,2,売却仲介,False,540025,失注,条件不一致
AK25030400,2025-03-24,1,1011,2,買取,False,1828130,活動中,
AK25030401,2025-03-31,4,1010,2,買取,False,2086102,失注,条件不一致
AK25030402,2025-03-28,4,1008,2,買取,False,1172967,失注,条件不一致
AK25030403,2025-03-11,2,1004,1,売却仲介,True,423017,成約,
AK25030404,2025-03-28,6,1012,2,買取,True,3497726,成約,
AK25030405,2025-03-04,4,1001,1,購入仲介,True,673743,成約,
AK25030406,2025-03-07,2,1009,2,購入仲介,False,813095,活動中,
AK25030407,2025-03-28,2,1003,1,購入仲介,True,456491,成約,
AK25030408,2025-03-12,5,1002,1,売却仲介,False,716574,失注,条件不一致
AK25030409,2025-03-24,1,1005,1,売却仲介,True,1080481,成約,
AK25030410,2025-03-07,5,1002,1,買取,True,2860844,成約,
AK25040411,2025-04-03,2,1004,1,売却仲介,True,497488,成約,
AK25040412,2025-04-25,4,1005,1,売却仲介,False,694344,失注,価格不一致
AK25040413,2025-04-01,1,1011,2,売却仲介,True,959130,成約,
AK25040414,2025-04-21,3,1004,1,売却仲介,False,754315,保留,
AK25040415,2025-04-03,2,1004,1,購入仲介,True,640093,成約,
AK25040416,2025-04-14,3,1009,2,買取,True,2268004,成約,
AK25040417,2025-04-28,5,1001,1,売却仲介,False,1541110,失注,競合負け
AK25040418,2025-04-10,3,1009,2,売却仲介,False,902966,失注,条件不一致
AK25040419,2025-04-04,3,1009,2,買取,False,1615246,失注,価格不一致
AK25040420,2025-04-30,1,1008,2,買取,False,1287671,保留,
AK25040421,2025-04-18,1,1008,2,売却仲介,False,601900,失注,価格不一致
AK25040422,2025-04-03,1,1012,2,買取,True,1476288,成約,
AK25040423,2025-04-23,3,1009,2,買取,False,1073354,失注,オーナー都合
AK25040424,2025-04-10,3,1002,1,買取,False,1251203,失注,オーナー都合
AK25040425,2025-04-21,3,1009,2,売却仲介,False,488443,失注,オーナー都合
AK25040426,2025-04-24,6,1009,2,購入仲介,True,1056388,成約,
AK25040427,2025-04-04,4,1009,2,買取,False,1508540,活動中,
AK25040428,2025-04-04,4,1003,1,買取,True,1955878,成約,
AK25040429,2025-04-24,3,1003,1,売却仲介,True,596094,成約,
AK25040430,2025-04-11,4,1001,1,売却仲介,True,646160,成約,
AK25040431,2025-04-21,2,1012,2,買取,True,3249126,成約,
AK25040432,2025-04-29,1,1002,1,売却仲介,False,875459,失注,価格不一致
AK25040433,2025-04-28,5,1001,1,購入仲介,True,1061942,成約,
AK25040434,2025-04-30,1,1009,2,買取,False,1303312,失注,条件不一致
AK25040435,2025-04-11,2,1004,1,買取,False,1401087,活動中,
AK25040436,2025-04-03,1,1005,1,売却仲介,True,828391,成約,
AK25040437,2025-04-17,2,1004,1,購入仲介,False,514535,失注,条件不一致
AK25040438,2025-04-25,3,1005,1,売却仲介,True,338138,成約,
AK25040439,2025-04-07,3,1001,1,買取,False,2025170,失注,条件不一致
AK25040440,2025-04-16,6,1008,2,購入仲介,False,685860,失注,競合負け
AK25040441,2025-04-30,6,1001,1,買取,True,2407854,成約,
AK25040442,2025-04-04,6,1005,1,買取,False,2510604,保留,
AK25040443,2025-04-02,3,1010,2,購入仲介,True,1016834,成約,
AK25040444,2025-04-30,1,1001,1,買取,False,1478235,保留,
AK25040445,2025-04-15,3,1008,2,購入仲介,True,809068,成約,
AK25050446,2025-05-02,3,1012,2,買取,False,1827755,失注,オーナー都合
AK25050447,2025-05-28,6,1005,1,買取,False,2164476,活動中,
AK25050448,2025-05-15,6,1008,2,買取,True,5360719,成約,
AK25050449,2025-05-14,1,1008,2,買取,False,1183424,失注,条件不一致
AK25050450,2025-05-15,1,1005,1,買取,True,2450397,成約,
AK25050451,2025-05-27,2,1004,1,購入仲介,True,363008,成約,
AK25050452,2025-05-02,3,1009,2,売却仲介,True,1016970,成約,
AK25050453,2025-05-28,1,1009,2,買取,False,2363215,失注,価格不一致
AK25050454,2025-05-26,4,1010,2,売却仲介,True,607374,成約,
AK25050455,2025-05-05,6,1004,1,買取,True,2122541,成約,
AK25050456,2025-05-26,3,1010,2,買取,False,1696851,活動中,
AK25050457,2025-05-02,1,1002,1,購入仲介,True,684946,成約,
AK25050458,2025-05-16,2,1009,2,買取,False,1082667,失注,オーナー都合
AK25050459,2025-05-30,3,1004,1,買取,True,2880953,成約,
AK25050460,2025-05-16,2,1011,2,買取,True,1632812,成約,
AK25050461,2025-05-26,1,1011,2,買取,False,2709622,活動中,
AK25050462,2025-05-26,3,1010,2,買取,False,1710047,活動中,
AK25050463,2025-05-09,2,1009,2,買取,True,1987882,成約,
AK25050464,2025-05-12,1,1011,2,売却仲介,False,537521,失注,価格不一致
AK25050465,2025-05-22,2,1004,1,買取,True,1975401,成約,
AK25050466,2025-05-30,1,1008,2,売却仲介,False,1276527,失注,競合負け
AK25050467,2025-05-26,2,1012,2,売却仲介,True,566484,成約,
AK25050468,2025-05-19,2,1008,2,売却仲介,True,419551,成約,
AK25050469,2025-05-06,6,1010,2,買取,True,2172730,成約,
AK25050470,2025-05-30,1,1008,2,売却仲介,False,772224,活動中,
AK25050471,2025-05-30,4,1003,1,売却仲介,False,1156497,失注,価格不一致
AK25050472,2025-05-19,4,1003,1,売却仲介,True,893574,成約,
AK25050473,2025-05-12,3,1008,2,売却仲介,False,810307,失注,オーナー都合
AK25050474,2025-05-05,1,1005,1,購入仲介,False,591844,保留,
AK25050475,2025-05-21,4,1010,2,買取,False,4474980,活動中,
AK25050476,2025-05-22,1,1004,1,売却仲介,True,844906,成約,
AK25050477,2025-05-05,1,1005,1,買取,True,1667322,成約,
AK25050478,2025-05-30,3,1012,2,買取,True,1669598,成約,
AK25050479,2025-05-15,1,1008,2,買取,True,2666398,成約,
AK25050480,2025-05-15,2,1009,2,売却仲介,False,895232,保留,
AK25050481,2025-05-29,4,1010,2,買取,False,1381125,失注,条件不一致
AK25050482,2025-05-21,3,1012,2,売却仲介,True,633505,成約,
AK25050483,2025-05-01,6,1001,1,買取,False,1546106,失注,オーナー都合
AK25060484,2025-06-03,6,1011,2,買取,False,2898760,保留,
AK25060485,2025-06-06,4,1001,1,売却仲介,True,1474389,成約,
AK25060486,2025-06-23,5,1008,2,売却仲介,False,568565,活動中,
AK25060487,2025-06-10,1,1005,1,買取,True,2309037,成約,
AK25060488,2025-06-10,6,1002,1,売却仲介,False,659239,保留,
AK25060489,2025-06-04,2,1004,1,買取,True,1751661,成約,
AK25060490,2025-06-16,5,1010,2,購入仲介,True,1118380,成約,
AK25060491,2025-06-12,3,1003,1,購入仲介,True,973601,成約,
AK25060492,2025-06-09,4,1005,1,買取,True,1319993,成約,
AK25060493,2025-06-18,2,1012,2,買取,True,1541266,成約,
AK25060494,2025-06-03,2,1005,1,買取,False,935641,失注,競合負け
AK25060495,2025-06-25,3,1002,1,買取,False,2063738,失注,競合負け
AK25060496,2025-06-05,3,1004,1,買取,True,2280986,成約,
AK25060497,2025-06-13,2,1002,1,売却仲介,False,490238,活動中,
AK25060498,2025-06-30,4,1011,2,購入仲介,False,1339169,保留,
AK25060499,2025-06-05,2,1002,1,買取,False,1688807,失注,価格不一致
AK25060500,2025-06-25,3,1012,2,買取,True,2667341,成約,
AK25060501,2025-06-20,1,1012,2,買取,True,1567111,成約,
AK25060502,2025-06-02,2,1004,1,売却仲介,False,667097,活動中,
AK25060503,2025-06-11,5,1001,1,売却仲介,True,576211,成約,
AK25060504,2025-06-05,5,1002,1,買取,False,1704535,活動中,
AK25060505,2025-06-24,2,1005,1,買取,False,1134056,失注,条件不一致
AK25060506,2025-06-30,3,1004,1,売却仲介,False,395554,活動中,
AK25060507,2025-06-17,1,1001,1,売却仲介,True,434566,成約,
AK25060508,2025-06-25,5,1003,1,購入仲介,False,860108,失注,競合負け
AK25060509,2025-06-27,2,1004,1,買取,True,1431671,成約,
AK25060510,2025-06-27,2,1008,2,買取,True,3840178,成約,
AK25060511,2025-06-16,1,1003,1,売却仲介,True,641710,成約,
AK25070512,2025-07-02,4,1009,2,買取,False,1668384,失注,競合負け
AK25070513,2025-07-22,4,1004,1,買取,False,2071990,失注,価格不一致
AK25070514,2025-07-30,3,1010,2,買取,True,3611630,成約,
AK25070515,2025-07-14,1,1005,1,購入仲介,False,1465558,保留,
AK25070516,2025-07-07,6,1005,1,買取,False,2574027,保留,
AK25070517,2025-07-04,6,1012,2,買取,False,1327732,活動中,
AK25070518,2025-07-21,3,1011,2,売却仲介,True,1679495,成約,
AK25070519,2025-07-11,3,1002,1,購入仲介,False,888271,活動中,
AK25070520,2025-07-21,5,1005,1,売却仲介,False,1292157,活動中,
AK25070521,2025-07-17,3,1004,1,売却仲介,False,368583,保留,
AK25070522,2025-07-22,1,1008,2,買取,True,1137482,成約,
AK25070523,2025-07-23,6,1012,2,購入仲介,False,394348,活動中,
AK25070524,2025-07-22,2,1004,1,買取,False,3023251,活動中,
AK25070525,2025-07-10,5,1011,2,売却仲介,False,739987,失注,オーナー都合
AK25070526,2025-07-16,2,1002,1,買取,True,1852067,成約,
AK25070527,2025-07-08,4,1004,1,売却仲介,True,1625405,成約,
AK25070528,2025-07-10,3,1005,1,買取,True,2412483,成約,
AK25070529,2025-07-17,1,1009,2,買取,True,1921460,成約,
AK25070530,2025-07-11,2,1003,1,購入仲介,True,732282,成約,
AK25070531,2025-07-21,4,1008,2,購入仲介,True,1497951,成約,
AK25070532,2025-07-09,1,1010,2,買取,False,1483289,失注,条件不一致
AK25070533,2025-07-14,1,1002,1,売却仲介,False,303358,保留,
AK25070534,2025-07-01,2,1009,2,買取,True,2848422,成約,
AK25070535,2025-07-22,1,1001,1,買取,False,1070503,失注,オーナー都合
AK25070536,2025-07-04,4,1005,1,買取,False,1618542,失注,価格不一致
AK25070537,2025-07-10,6,1001,1,購入仲介,True,1099177,成約,
AK25070538,2025-07-11,1,1011,2,買取,False,1173375,失注,オーナー都合
AK25070539,2025-07-25,6,1010,2,買取,False,5254388,保留,
AK25070540,2025-07-08,4,1001,1,買取,False,1447415,失注,価格不一致
AK25070541,2025-07-17,2,1012,2,買取,True,1763042,成約,
AK25070542,2025-07-02,2,1012,2,売却仲介,False,710802,失注,価格不一致
AK25070543,2025-07-14,4,1002,1,買取,True,2125640,成約,
AK25070544,2025-07-14,1,1005,1,売却仲介,False,668649,活動中,
AK25070545,2025-07-23,2,1012,2,買取,False,4468938,失注,価格不一致
AK25070546,2025-07-04,3,1005,1,売却仲介,False,602030,失注,オーナー都合
AK25070547,2025-07-07,2,1011,2,買取,True,2059895,成約,
AK25070548,2025-07-08,1,1008,2,買取,False,1506115,失注,条件不一致
AK25070549,2025-07-31,2,1003,1,買取,True,1630640,成約,
AK25070550,2025-07-09,6,1005,1,買取,True,1779660,成約,
AK25070551,2025-07-24,2,1009,2,買取,False,1490041,失注,価格不一致
AK25080552,2025-08-20,3,1010,2,買取,False,2253869,活動中,
AK25080553,2025-08-06,5,1008,2,買取,False,1480575,保留,
AK25080554,2025-08-27,1,1005,1,買取,False,2092700,保留,
AK25080555,2025-08-04,2,1003,1,買取,False,1125059,失注,価格不一致
AK25080556,2025-08-19,4,1009,2,買取,False,4231118,保留,
AK25080557,2025-08-20,5,1003,1,買取,True,3080729,成約,
AK25080558,2025-08-15,3,1009,2,買取,True,1546087,成約,
AK25080559,2025-08-22,2,1009,2,売却仲介,True,970665,成約,
AK25080560,2025-08-29,6,1011,2,購入仲介,True,650879,成約,
AK25080561,2025-08-28,3,1010,2,買取,True,2369281,成約,
AK25080562,2025-08-08,2,1011,2,売却仲介,True,774916,成約,
AK25080563,2025-08-15,6,1010,2,売却仲介,True,1266617,成約,
AK25080564,2025-08-04,1,1008,2,購入仲介,False,742300,失注,価格不一致
AK25080565,2025-08-14,2,1009,2,買取,False,2966667,失注,オーナー都合
AK25080566,2025-08-18,1,1011,2,買取,False,3215881,活動中,
AK25080567,2025-08-27,4,1008,2,買取,True,5634861,成約,
AK25080568,2025-08-15,5,1008,2,買取,False,4121831,失注,価格不一致
AK25080569,2025-08-12,1,1008,2,売却仲介,False,920508,活動中,
AK25080570,2025-08-12,2,1011,2,売却仲介,True,748785,成約,
AK25080571,2025-08-27,2,1003,1,売却仲介,False,1344005,失注,オーナー都合
AK25080572,2025-08-07,2,1012,2,買取,False,1981788,保留,
AK25080573,2025-08-15,2,1004,1,売却仲介,True,1119748,成約,
AK25080574,2025-08-21,2,1009,2,売却仲介,False,638101,保留,
AK25080575,2025-08-22,3,1010,2,売却仲介,False,678801,保留,
AK25080576,2025-08-18,3,1001,1,購入仲介,False,1085773,保留,
AK25080577,2025-08-25,3,1011,2,購入仲介,True,1322707,成約,
AK25080578,2025-08-04,3,1003,1,買取,False,1682867,活動中,
AK25080579,2025-08-29,6,1011,2,買取,False,1393288,失注,オーナー都合
AK25080580,2025-08-11,3,1009,2,購入仲介,False,910829,失注,競合負け
AK25080581,2025-08-20,2,1009,2,売却仲介,False,664320,活動中,
AK25080582,2025-08-28,1,1011,2,買取,False,2167579,失注,競合負け
AK25080583,2025-08-20,6,1004,1,売却仲介,False,1011600,失注,競合負け
AK25080584,2025-08-18,1,1011,2,売却仲介,True,661592,成約,
AK25080585,2025-08-18,2,1008,2,買取,True,2998660,成約,
AK25080586,2025-08-13,4,1001,1,買取,False,2671369,失注,オーナー都合
AK25090587,2025-09-23,4,1001,1,売却仲介,True,1044815,成約,
AK25090588,2025-09-15,3,1008,2,買取,False,1816014,失注,条件不一致
AK25090589,2025-09-17,3,1004,1,売却仲介,False,758663,活動中,
AK25090590,2025-09-30,3,1001,1,買取,True,1354368,成約,
AK25090591,2025-09-25,6,1005,1,購入仲介,True,742184,成約,
AK25090592,2025-09-25,1,1008,2,売却仲介,False,913610,失注,競合負け
AK25090593,2025-09-15,1,1005,1,買取,False,2158356,失注,競合負け
AK25090594,2025-09-04,6,1011,2,買取,True,2455645,成約,
AK25090595,2025-09-09,2,1012,2,買取,True,1620030,成約,
AK25090596,2025-09-02,2,1012,2,売却仲介,True,793809,成約,
AK25090597,2025-09-18,2,1012,2,買取,False,1051898,活動中,
AK25090598,2025-09-08,1,1011,2,購入仲介,False,1092588,失注,条件不一致
AK25090599,2025-09-18,4,1011,2,買取,True,2373753,成約,
AK25090600,2025-09-17,1,1012,2,買取,False,1869401,失注,価格不一致
AK25090601,2025-09-15,2,1008,2,買取,False,1491275,失注,価格不一致
AK25090602,2025-09-30,5,1008,2,売却仲介,True,811623,成約,
AK25090603,2025-09-01,1,1005,1,購入仲介,False,880032,活動中,
AK25090604,2025-09-26,6,1011,2,買取,True,2954195,成約,
AK25090605,2025-09-03,2,1011,2,購入仲介,True,2344026,成約,
AK25090606,2025-09-03,5,1001,1,買取,False,961648,失注,条件不一致
AK25090607,2025-09-18,4,1002,1,売却仲介,False,757203,保留,
AK25090608,2025-09-24,4,1002,1,売却仲介,True,1171173,成約,
AK25090609,2025-09-03,4,1002,1,買取,False,4026830,失注,競合負け
AK25090610,2025-09-15,1,1005,1,売却仲介,False,543708,失注,条件不一致
AK25090611,2025-09-18,3,1002,1,買取,False,2024275,失注,価格不一致
AK25090612,2025-09-12,3,1002,1,購入仲介,True,947953,成約,
AK25090613,2025-09-10,4,1002,1,売却仲介,False,814075,保留,
AK25090614,2025-09-16,4,1001,1,買取,True,3939948,成約,
AK25090615,2025-09-10,3,1003,1,売却仲介,False,732551,活動中,
AK25090616,2025-09-18,1,1001,1,購入仲介,True,349837,成約,
AK25090617,2025-09-18,2,1012,2,買取,True,2710598,成約,
AK25090618,2025-09-08,1,1003,1,売却仲介,True,706927,成約,
AK25090619,2025-09-02,5,1012,2,購入仲介,False,969393,保留,
AK25090620,2025-09-03,1,1011,2,買取,True,5962525,成約,
AK25100621,2025-10-16,1,1008,2,買取,False,2084574,活動中,
AK25100622,2025-10-31,6,1012,2,買取,True,842197,成約,
AK25100623,2025-10-09,2,1009,2,売却仲介,True,602597,成約,
AK25100624,2025-10-15,3,1010,2,買取,True,2789010,成約,
AK25100625,2025-10-03,5,1012,2,売却仲介,False,1144390,失注,競合負け
AK25100626,2025-10-24,6,1005,1,購入仲介,True,659437,成約,
AK25100627,2025-10-21,1,1011,2,買取,False,2119317,保留,
AK25100628,2025-10-07,3,1012,2,購入仲介,False,625594,保留,
AK25100629,2025-10-13,1,1003,1,買取,False,1433658,活動中,
AK25100630,2025-10-15,2,1003,1,買取,True,826534,成約,
AK25100631,2025-10-28,1,1004,1,購入仲介,False,731187,失注,競合負け
AK25100632,2025-10-06,6,1010,2,買取,False,1542101,失注,条件不一致
AK25100633,2025-10-02,3,1008,2,買取,True,1293029,成約,
AK25100634,2025-10-13,4,1008,2,買取,False,2709387,失注,価格不一致
AK25100635,2025-10-23,1,1008,2,購入仲介,False,506295,活動中,
AK25100636,2025-10-06,1,1005,1,買取,False,2088760,失注,オーナー都合
AK25100637,2025-10-30,2,1009,2,買取,True,1899768,成約,
AK25100638,2025-10-08,4,1003,1,買取,False,2681045,失注,競合負け
AK25100639,2025-10-06,5,1003,1,買取,False,1544432,失注,競合負け
AK25100640,2025-10-24,3,1009,2,買取,False,4068488,保留,
AK25100641,2025-10-06,2,1004,1,売却仲介,True,1193737,成約,
AK25100642,2025-10-06,3,1003,1,買取,False,2470386,失注,価格不一致
AK25100643,2025-10-09,5,1003,1,購入仲介,False,972712,保留,
AK25100644,2025-10-21,6,1012,2,買取,False,966014,活動中,
AK25100645,2025-10-07,3,1002,1,買取,False,1515692,保留,
AK25100646,2025-10-08,2,1003,1,売却仲介,False,1508498,失注,オーナー都合
AK25110647,2025-11-19,3,1012,2,買取,True,2731835,成約,
AK25110648,2025-11-20,5,1003,1,買取,False,1359865,失注,価格不一致
AK25110649,2025-11-05,1,1002,1,購入仲介,False,673541,失注,条件不一致
AK25110650,2025-11-14,3,1011,2,買取,True,1136643,成約,
AK25110651,2025-11-26,4,1010,2,売却仲介,True,579556,成約,
AK25110652,2025-11-05,2,1009,2,買取,False,3327236,失注,オーナー都合
AK25110653,2025-11-18,6,1012,2,買取,True,4261845,成約,
AK25110654,2025-11-13,3,1001,1,売却仲介,False,795388,活動中,
AK25110655,2025-11-12,6,1009,2,買取,True,1679662,成約,
AK25110656,2025-11-19,1,1009,2,買取,False,1730521,保留,
AK25110657,2025-11-14,4,1004,1,売却仲介,False,388813,失注,オーナー都合
AK25110658,2025-11-18,6,1011,2,買取,False,1735251,活動中,
AK25110659,2025-11-24,2,1009,2,買取,False,1926632,失注,競合負け
AK25110660,2025-11-26,5,1010,2,売却仲介,True,876734,成約,
AK25110661,2025-11-26,6,1009,2,買取,False,2318693,失注,競合負け
AK25110662,2025-11-21,2,1009,2,買取,True,1915974,成約,
AK25110663,2025-11-12,2,1002,1,買取,True,884761,成約,
AK25110664,2025-11-25,5,1012,2,売却仲介,False,389237,保留,
AK25110665,2025-11-07,2,1001,1,購入仲介,False,643899,活動中,
AK25110666,2025-11-26,2,1004,1,売却仲介,True,747963,成約,
AK25110667,2025-11-12,2,1003,1,買取,True,2049495,成約,
AK25110668,2025-11-19,3,1009,2,買取,True,2200855,成約,
AK25110669,2025-11-19,6,1011,2,買取,False,3106606,活動中,
AK25110670,2025-11-20,3,1004,1,購入仲介,True,1751014,成約,
AK25110671,2025-11-06,1,1001,1,買取,True,1200591,成約,
AK25110672,2025-11-27,6,1011,2,売却仲介,True,889772,成約,
AK25110673,2025-11-25,6,1012,2,買取,True,2262266,成約,
AK25110674,2025-11-04,5,1001,1,買取,True,2836057,成約,
AK25120675,2025-12-23,5,1001,1,売却仲介,True,393625,成約,
AK25120676,2025-12-03,1,1008,2,売却仲介,True,1033314,成約,
AK25120677,2025-12-29,2,1004,1,売却仲介,True,340475,成約,
AK25120678,2025-12-08,3,1004,1,売却仲介,False,1289737,失注,競合負け
AK25120679,2025-12-08,4,1004,1,売却仲介,True,699141,成約,
AK25120680,2025-12-22,2,1002,1,購入仲介,True,829185,成約,
AK25120681,2025-12-31,6,1011,2,買取,True,1842945,成約,
AK25120682,2025-12-25,6,1003,1,購入仲介,True,794035,成約,
AK25120683,2025-12-05,3,1012,2,買取,False,2926863,保留,
AK25120684,2025-12-02,1,1011,2,買取,False,3106850,失注,条件不一致
AK25120685,2025-12-23,2,1002,1,買取,True,3162310,成約,
AK25120686,2025-12-04,2,1012,2,買取,True,2455625,成約,
AK25120687,2025-12-16,4,1005,1,購入仲介,True,1057277,成約,
AK25120688,2025-12-23,4,1009,2,売却仲介,False,920752,保留,
AK25120689,2025-12-15,1,1005,1,買取,True,3068556,成約,
AK25120690,2025-12-26,2,1005,1,買取,True,1852855,成約,
AK25120691,2025-12-16,1,1003,1,売却仲介,True,871250,成約,
AK25120692,2025-12-18,4,1011,2,売却仲介,False,800987,活動中,
AK25120693,2025-12-18,1,1005,1,購入仲介,True,749994,成約,
AK25120694,2025-12-02,2,1003,1,買取,True,1470334,成約,
AK25120695,2025-12-12,6,1008,2,売却仲介,False,1058815,活動中,
AK25120696,2025-12-01,1,1008,2,買取,False,1079858,失注,競合負け
AK25120697,2025-12-12,3,1005,1,買取,False,1896747,保留,
AK25120698,2025-12-10,6,1002,1,買取,False,1032496,失注,オーナー都合
AK25120699,2025-12-19,3,1009,2,買取,False,3236175,失注,競合負け
AK25120700,2025-12-08,1,1008,2,買取,False,2006381,活動中,
AK25120701,2025-12-09,2,1012,2,購入仲介,False,1195231,活動中,
AK25120702,2025-12-17,3,1012,2,購入仲介,True,617109,成約,
AK25120703,2025-12-24,4,1003,1,買取,True,2762113,成約,
AK25120704,2025-12-04,3,1002,1,買取,False,3459176,失注,価格不一致
AK25120705,2025-12-17,2,1009,2,売却仲介,True,595314,成約,
AK25120706,2025-12-03,3,1003,1,売却仲介,False,605906,活動中,
AK26010707,2026-01-05,4,1003,1,買取,True,1697971,成約,
AK26010708,2026-01-15,4,1010,2,購入仲介,False,567494,活動中,
AK26010709,2026-01-15,1,1011,2,買取,False,3137361,失注,条件不一致
AK26010710,2026-01-14,2,1012,2,買取,False,2676797,活動中,
AK26010711,2026-01-16,1,1008,2,買取,False,1645210,保留,
AK26010712,2026-01-12,4,1005,1,買取,True,1876314,成約,
AK26010713,2026-01-16,1,1005,1,買取,False,1919104,保留,
AK26010714,2026-01-01,4,1010,2,売却仲介,False,301594,失注,価格不一致
AK26010715,2026-01-12,3,1011,2,買取,False,1895410,保留,
AK26010716,2026-01-08,4,1009,2,買取,False,2942637,保留,
AK26010717,2026-01-08,6,1009,2,買取,True,3279199,成約,
AK26010718,2026-01-26,4,1011,2,買取,True,1678504,成約,
AK26010719,2026-01-21,3,1002,1,買取,False,2543725,保留,
AK26010720,2026-01-01,2,1004,1,買取,False,1604692,失注,競合負け
AK26010721,2026-01-09,3,1002,1,買取,False,1227355,失注,競合負け
AK26010722,2026-01-05,1,1002,1,買取,True,1668371,成約,
AK26010723,2026-01-23,4,1010,2,売却仲介,True,970315,成約,
AK26010724,2026-01-13,1,1005,1,買取,False,1940297,失注,オーナー都合
AK26010725,2026-01-27,3,1009,2,買取,False,1074272,失注,条件不一致
AK26010726,2026-01-08,1,1010,2,売却仲介,True,1109614,成約,
AK26010727,2026-01-22,3,1002,1,購入仲介,False,1106145,活動中,
AK26010728,2026-01-06,3,1008,2,売却仲介,True,1485953,成約,
AK26010729,2026-01-09,2,1002,1,買取,True,1753650,成約,
AK26010730,2026-01-21,5,1004,1,買取,True,2097517,成約,
AK26010731,2026-01-01,2,1004,1,購入仲介,True,2099927,成約,
AK26010732,2026-01-05,1,1012,2,買取,True,2480281,成約,
AK26010733,2026-01-30,4,1012,2,購入仲介,False,1249302,失注,価格不一致
AK26010734,2026-01-21,4,1008,2,買取,False,2383422,失注,競合負け
AK26020735,2026-02-26,1,1008,2,購入仲介,False,806302,失注,条件不一致
AK26020736,2026-02-24,1,1008,2,買取,False,2617688,保留,
AK26020737,2026-02-18,1,1010,2,買取,False,2534186,失注,競合負け
AK26020738,2026-02-12,1,1011,2,買取,False,2083167,失注,価格不一致
AK26020739,2026-02-05,1,1011,2,買取,False,3716399,活動中,
AK26020740,2026-02-25,3,1010,2,売却仲介,True,854499,成約,
AK26020741,2026-02-12,5,1012,2,売却仲介,True,1045969,成約,
AK26020742,2026-02-27,2,1011,2,買取,True,1054203,成約,
AK26020743,2026-02-11,2,1005,1,買取,True,1454040,成約,
AK26020744,2026-02-06,6,1003,1,購入仲介,True,806711,成約,
AK26020745,2026-02-02,6,1002,1,売却仲介,False,736803,保留,
AK26020746,2026-02-20,1,1011,2,売却仲介,True,616837,成約,
AK26020747,2026-02-23,3,1012,2,買取,False,1761315,失注,条件不一致
AK26020748,2026-02-26,4,1002,1,売却仲介,False,512873,保留,
AK26020749,2026-02-26,5,1008,2,売却仲介,False,882901,活動中,
AK26020750,2026-02-02,3,1011,2,売却仲介,False,1505421,失注,競合負け
AK26020751,2026-02-04,1,1011,2,買取,True,1332570,成約,
AK26020752,2026-02-19,2,1004,1,売却仲介,True,912910,成約,
AK26020753,2026-02-25,1,1002,1,売却仲介,False,572810,保留,
AK26020754,2026-02-04,2,1009,2,買取,True,4613388,成約,
AK26020755,2026-02-18,3,1003,1,購入仲介,True,647187,成約,
AK26020756,2026-02-11,1,1011,2,売却仲介,False,744308,保留,
AK26020757,2026-02-20,2,1008,2,買取,True,3463524,成約,
AK26020758,2026-02-13,3,1010,2,買取,True,2392387,成約,
AK26020759,2026-02-10,3,1003,1,買取,False,2406121,失注,オーナー都合
AK26020760,2026-02-25,4,1001,1,売却仲介,False,863068,活動中,
AK26030761,2026-03-12,6,1010,2,買取,True,1534729,成約,
AK26030762,2026-03-03,6,1005,1,売却仲介,False,808583,失注,価格不一致
AK26030763,2026-03-26,6,1008,2,買取,True,2514274,成約,
AK26030764,2026-03-13,4,1012,2,買取,True,2667256,成約,
AK26030765,2026-03-25,4,1002,1,買取,False,1236017,失注,条件不一致
AK26030766,2026-03-10,3,1001,1,買取,True,2561370,成約,
AK26030767,2026-03-05,2,1004,1,買取,False,2547094,保留,
AK26030768,2026-03-25,5,1010,2,売却仲介,False,662880,失注,条件不一致
AK26030769,2026-03-26,2,1005,1,買取,True,2224425,成約,
AK26030770,2026-03-09,2,1009,2,買取,False,1476907,失注,競合負け
AK26030771,2026-03-18,6,1010,2,買取,True,1068875,成約,
AK26030772,2026-03-09,4,1002,1,売却仲介,True,379174,成約,
AK26030773,2026-03-12,4,1002,1,買取,True,2353110,成約,
AK26030774,2026-03-20,1,1008,2,売却仲介,False,1071609,失注,条件不一致
AK26030775,2026-03-30,6,1001,1,売却仲介,True,804580,成約,
AK26030776,2026-03-04,2,1002,1,売却仲介,True,871462,成約,
AK26030777,2026-03-11,2,1001,1,売却仲介,True,834614,成約,
AK26030778,2026-03-11,3,1001,1,買取,False,2491386,失注,オーナー都合
AK26030779,2026-03-16,4,1011,2,売却仲介,False,2294569,失注,条件不一致
AK26030780,2026-03-17,2,1012,2,買取,True,2731515,成約,
AK26030781,2026-03-31,4,1010,2,買取,True,2891592,成約,
AK26030782,2026-03-10,4,1001,1,購入仲介,False,641829,失注,条件不一致
AK26030783,2026-03-23,6,1011,2,買取,True,1326653,成約,
AK26030784,2026-03-31,5,1011,2,買取,False,3278742,失注,価格不一致
AK26030785,2026-03-30,4,1004,1,買取,True,1303073,成約,
AK26030786,2026-03-12,2,1008,2,買取,True,1590420,成約,
AK26030787,2026-03-13,1,1005,1,購入仲介,False,658339,失注,オーナー都合
AK26030788,2026-03-05,2,1004,1,買取,True,1526326,成約,
AK26030789,2026-03-19,2,1012,2,買取,False,1328258,活動中,
AK26030790,2026-03-18,2,1010,2,買取,False,3254688,失注,競合負け
AK26030791,2026-03-23,5,1005,1,売却仲介,False,1110797,失注,条件不一致
AK26030792,2026-03-30,3,1003,1,売却仲介,True,523058,成約,
AK26030793,2026-03-31,4,1011,2,売却仲介,True,664377,成約,
AK26030794,2026-03-25,2,1001,1,買取,False,3586009,保留,
AK26030795,2026-03-24,3,1005,1,購入仲介,False,402047,活動中,
AK26030796,2026-03-25,1,1003,1,買取,True,4112425,成約,
AK26030797,2026-03-20,6,1012,2,買取,True,3503584,成約,
AK26030798,2026-03-05,4,1010,2,買取,False,2026840,活動中,
AK26030799,2026-03-13,3,1003,1,買取,True,1364347,成約,
AK26030800,2026-03-30,4,1001,1,買取,True,1759236,成約,
AK26030801,2026-03-30,5,1003,1,購入仲介,False,1157799,保留,
AK26030802,2026-03-13,1,1008,2,売却仲介,False,645630,保留,
AK26030803,2026-03-13,1,1008,2,売却仲介,False,992891,失注,価格不一致
