契約ID,案件ID,契約日,決済日,契約担当社員ID,契約時点支店ID,契約時点雇用形態,契約種別,出口ID,物件ID,粗利_確定,投下現金額,サンタメフラグ
CT24060001,AK24040002,2024-06-12,2024-07-22,1012,2,正社員,買取,,PR24070001,0,29008594,False
CT24090002,AK24040002,2024-09-12,2024-10-23,1012,2,正社員,売却,1,PR24070001,3083065,,False
CT24040003,AK24040003,2024-04-25,2024-05-21,1005,1,正社員,仲介,8,,406845,,False
CT24050004,AK24040006,2024-05-31,2024-07-06,1010,2,正社員,仲介,8,,327511,,False
CT24060005,AK24040013,2024-06-26,2024-07-16,1012,2,正社員,買取,,PR24070002,0,7356378,False
CT24080006,AK24040013,2024-08-30,2024-10-04,1012,2,正社員,売却,6,PR24070002,627382,,True
CT24040007,AK24040014,2024-04-27,2024-05-19,1005,1,正社員,買取,,PR24050003,0,17355127,False
CT24070008,AK24040014,2024-07-05,2024-07-27,1005,1,正社員,売却,2,PR24050003,2582786,,False
CT24070009,AK24040017,2024-07-12,2024-08-15,1010,2,正社員,仲介,8,,389637,,False
CT24070010,AK24040018,2024-07-07,2024-08-13,1003,1,正社員,買取,,PR24080004,0,23267220,False
CT24100011,AK24040018,2024-10-05,2024-11-12,1003,1,正社員,売却,1,PR24080004,2076983,,False
CT24060012,AK24040019,2024-06-04,2024-06-26,1002,1,正社員,買取,,PR24060005,0,21839235,False
CT24090013,AK24040019,2024-09-05,2024-10-03,1002,1,正社員,売却,2,PR24060005,1545420,,False
CT24050014,AK24040021,2024-05-23,2024-06-15,1005,1,正社員,買取,,PR24060006,0,68414412,False
CT24070015,AK24040021,2024-07-19,2024-08-19,1005,1,正社員,売却,4,PR24060006,4261377,,False
CT24060016,AK24040023,2024-06-04,2024-07-11,1009,2,正社員,仲介,8,,717678,,False
CT24050017,AK24040024,2024-05-21,2024-06-12,1011,2,正社員,買取,,PR24060007,0,29168883,False
CT24070018,AK24040024,2024-07-25,2024-09-08,1011,2,正社員,売却,1,PR24060007,1952220,,False
CT24060019,AK24040027,2024-06-13,2024-07-12,1010,2,正社員,仲介,8,,536372,,False
CT24070020,AK24040029,2024-07-03,2024-07-24,1004,1,派遣,買取,,PR24070008,0,26608489,False
CT24090021,AK24040029,2024-09-12,2024-10-03,1004,1,派遣,売却,7,PR24070008,1613158,,True
CT24050022,AK24040030,2024-05-10,2024-06-01,1012,2,正社員,仲介,8,,422567,,False
CT24070023,AK24050032,2024-07-11,2024-08-07,1012,2,正社員,買取,,PR24080009,0,35052041,False
CT24100024,AK24050032,2024-10-12,2024-11-13,1012,2,正社員,売却,6,PR24080009,5168787,,True
CT24080025,AK24050033,2024-08-11,2024-09-19,1008,2,クルー,仲介,8,,256007,,False
CT24060026,AK24050034,2024-06-03,2024-07-04,1012,2,正社員,買取,,PR24070010,0,45445288,False
CT24090027,AK24050034,2024-09-21,2024-10-18,1012,2,正社員,売却,2,PR24070010,3706543,,False
CT24080028,AK24050035,2024-08-17,2024-09-06,1010,2,正社員,買取,,PR24090011,0,17478466,False
CT24110029,AK24050035,2024-11-04,2024-12-15,1010,2,正社員,売却,6,PR24090011,2106018,,True
CT24060030,AK24050039,2024-06-27,2024-08-06,1009,2,正社員,買取,,PR24080012,0,12013194,False
CT24110031,AK24050039,2024-11-18,2024-12-13,1009,2,正社員,売却,4,PR24080012,764877,,False
CT24060032,AK24050041,2024-06-03,2024-07-04,1008,2,クルー,買取,,PR24070013,0,19094520,False
CT24080033,AK24050041,2024-08-07,2024-09-17,1008,2,クルー,売却,1,PR24070013,2755448,,False
CT24070034,AK24050043,2024-07-02,2024-08-16,1003,1,正社員,仲介,8,,433507,,False
CT24060035,AK24050046,2024-06-30,2024-08-14,1004,1,派遣,仲介,8,,554774,,False
CT24070036,AK24050047,2024-07-04,2024-08-01,1004,1,派遣,買取,,PR24080014,0,26917557,False
CT24090037,AK24050047,2024-09-05,2024-10-19,1004,1,派遣,売却,4,PR24080014,3764091,,False
CT24080038,AK24050049,2024-08-09,2024-09-09,1003,1,正社員,仲介,8,,547369,,False
CT24070039,AK24050054,2024-07-01,2024-08-07,1011,2,正社員,仲介,8,,794764,,False
CT24080040,AK24050056,2024-08-05,2024-09-19,1009,2,正社員,買取,,PR24090015,0,35219751,False
CT24100041,AK24050056,2024-10-15,2024-11-18,1009,2,正社員,売却,2,PR24090015,2886577,,False
CT24050042,AK24050059,2024-05-28,2024-06-24,1005,1,正社員,仲介,8,,1492752,,False
CT24070043,AK24050060,2024-07-27,2024-09-05,1010,2,正社員,仲介,8,,642184,,False
CT24070044,AK24050061,2024-07-12,2024-08-08,1012,2,正社員,仲介,8,,508466,,False
CT24090045,AK24060063,2024-09-10,2024-10-21,1004,1,派遣,買取,,PR24100016,0,20930419,False
CT24110046,AK24060063,2024-11-26,2025-01-09,1004,1,派遣,売却,4,PR24100016,2859143,,False
CT24070047,AK24060066,2024-07-30,2024-08-29,1004,1,派遣,仲介,8,,351097,,False
CT24070048,AK24060067,2024-07-07,2024-08-18,1011,2,正社員,買取,,PR24080017,0,24140496,False
CT24100049,AK24060067,2024-10-18,2024-11-09,1011,2,正社員,売却,3,PR24080017,2962797,,False
CT24080050,AK24060070,2024-08-19,2024-09-25,1001,1,クルー,買取,,PR24090018,0,84925922,False
CT25020051,AK24060070,2025-02-05,2025-03-12,1001,1,クルー,売却,4,PR24090018,11178063,,False
CT24090052,AK24060072,2024-09-18,2024-10-08,1003,1,正社員,買取,,PR24100019,0,13483703,False
CT24120053,AK24060072,2024-12-05,2025-01-12,1003,1,正社員,売却,1,PR24100019,1467539,,False
CT24080054,AK24060074,2024-08-10,2024-09-23,1005,1,正社員,買取,,PR24090020,0,24485423,False
CT25020055,AK24060074,2025-02-23,2025-03-23,1005,1,正社員,売却,4,PR24090020,1944727,,False
CT24090056,AK24060075,2024-09-19,2024-10-10,1005,1,正社員,買取,,PR24100021,0,43952802,False
CT25040057,AK24060075,2025-04-09,2025-05-06,1005,1,正社員,売却,1,PR24100021,5509405,,False
CT24070058,AK24060077,2024-07-21,2024-09-03,1010,2,正社員,仲介,8,,418555,,False
CT24080059,AK24060082,2024-08-11,2024-08-31,1011,2,正社員,仲介,8,,301947,,False
CT24080060,AK24060083,2024-08-27,2024-10-06,1009,2,正社員,買取,,PR24100022,0,17775720,False
CT25030061,AK24060083,2025-03-16,2025-04-27,1009,2,正社員,売却,7,PR24100022,1737825,,True
CT24090062,AK24060086,2024-09-07,2024-10-04,1004,1,派遣,仲介,8,,681612,,False
CT24070063,AK24060087,2024-07-07,2024-08-11,1010,2,正社員,仲介,8,,344319,,False
CT24070064,AK24060088,2024-07-24,2024-08-23,1008,2,クルー,買取,,PR24080023,0,8555272,False
CT25010065,AK24060088,2025-01-21,2025-03-01,1008,2,クルー,売却,3,PR24080023,548199,,False
CT24080066,AK24060089,2024-08-23,2024-09-27,1011,2,正社員,仲介,8,,511839,,False
CT24090067,AK24060090,2024-09-10,2024-10-14,1011,2,正社員,買取,,PR24100024,0,9644340,False
CT25010068,AK24060090,2025-01-01,2025-01-23,1011,2,正社員,売却,4,PR24100024,1136274,,False
CT24090069,AK24060092,2024-09-05,2024-10-03,1009,2,正社員,仲介,8,,942951,,False
CT24080070,AK24060093,2024-08-26,2024-10-09,1005,1,正社員,仲介,8,,658093,,False
CT24090071,AK24060094,2024-09-05,2024-10-19,1003,1,正社員,買取,,PR24100025,0,17021828,False
CT24110072,AK24060094,2024-11-29,2024-12-22,1003,1,正社員,売却,3,PR24100025,1509969,,False
CT24090073,AK24060095,2024-09-03,2024-09-27,1004,1,派遣,買取,,PR24090026,0,12782541,False
CT25010074,AK24060095,2025-01-07,2025-01-28,1004,1,派遣,売却,3,PR24090026,1612599,,False
CT24070075,AK24070098,2024-07-24,2024-08-17,1002,1,正社員,買取,,PR24080027,0,14859575,False
CT24100076,AK24070098,2024-10-20,2024-12-04,1002,1,正社員,売却,3,PR24080027,1929919,,False
CT24080077,AK24070102,2024-08-15,2024-09-21,1004,1,派遣,仲介,8,,656806,,False
CT24100078,AK24070105,2024-10-20,2024-11-30,1002,1,正社員,買取,,PR24110028,0,35466661,False
CT25030079,AK24070105,2025-03-23,2025-04-25,1002,1,正社員,売却,7,PR24110028,3063928,,True
CT24080080,AK24070106,2024-08-21,2024-09-15,1003,1,正社員,買取,,PR24090029,0,21419429,False
CT24100081,AK24070106,2024-10-24,2024-12-02,1003,1,正社員,売却,3,PR24090029,2344519,,False
CT24090082,AK24070107,2024-09-08,2024-10-06,1010,2,正社員,買取,,PR24100030,0,13052224,False
CT25010083,AK24070107,2025-01-11,2025-02-14,1010,2,正社員,売却,6,PR24100030,951105,,True
CT24100084,AK24070108,2024-10-05,2024-11-12,1008,2,クルー,買取,,PR24110031,0,16738466,False
CT24120085,AK24070108,2024-12-28,2025-02-10,1008,2,クルー,売却,3,PR24110031,2242408,,False
CT24090086,AK24070109,2024-09-21,2024-10-31,1012,2,正社員,仲介,8,,793417,,False
CT24080087,AK24070111,2024-08-28,2024-10-08,1010,2,正社員,買取,,PR24100032,0,27663125,False
CT24120088,AK24070111,2024-12-19,2025-01-13,1010,2,正社員,売却,4,PR24100032,2715965,,False
CT24090089,AK24070113,2024-09-15,2024-10-21,1002,1,正社員,買取,,PR24100033,0,14969232,False
CT25010090,AK24070113,2025-01-01,2025-02-11,1002,1,正社員,売却,4,PR24100033,1903248,,False
CT24090091,AK24070114,2024-09-18,2024-10-28,1009,2,正社員,買取,,PR24100034,0,14283544,False
CT25010092,AK24070114,2025-01-12,2025-02-25,1009,2,正社員,売却,7,PR24100034,1973613,,True
CT24100093,AK24070119,2024-10-01,2024-11-05,1005,1,正社員,仲介,8,,1052154,,False
CT24100094,AK24070120,2024-10-03,2024-11-15,1004,1,派遣,仲介,8,,538046,,False
CT24080095,AK24070122,2024-08-14,2024-09-12,1008,2,クルー,仲介,8,,357351,,False
CT24090096,AK24070125,2024-09-13,2024-10-21,1010,2,正社員,買取,,PR24100035,0,6342875,False
CT25010097,AK24070125,2025-01-03,2025-01-30,1010,2,正社員,売却,4,PR24100035,771457,,False
CT24080098,AK24070129,2024-08-19,2024-09-21,1002,1,正社員,仲介,8,,562729,,False
CT24090099,AK24070131,2024-09-18,2024-10-29,1012,2,正社員,買取,,PR24100036,0,17004458,False
CT24110100,AK24070131,2024-11-21,2024-12-21,1012,2,正社員,売却,4,PR24100036,1106544,,False
CT24080101,AK24070132,2024-08-22,2024-09-18,1011,2,正社員,仲介,8,,501049,,False
CT24110102,AK24080134,2024-11-04,2024-11-28,1001,1,クルー,買取,,PR24110037,0,19852554,False
CT24120103,AK24080134,2024-12-24,2025-01-29,1001,1,クルー,売却,2,PR24110037,2391300,,False
CT24090104,AK24080140,2024-09-29,2024-11-10,1010,2,正社員,買取,,PR24110038,0,23225646,False
CT25040105,AK24080140,2025-04-05,2025-04-25,1010,2,正社員,売却,4,PR24110038,1838699,,False
CT24110106,AK24080145,2024-11-06,2024-12-07,1005,1,正社員,買取,,PR24120039,0,12049566,False
CT25040107,AK24080145,2025-04-19,2025-05-14,1005,1,正社員,売却,4,PR24120039,1658173,,False
CT24090108,AK24080146,2024-09-21,2024-10-15,1005,1,正社員,買取,,PR24100040,0,14629700,False
CT24120109,AK24080146,2024-12-13,2025-01-23,1005,1,正社員,売却,4,PR24100040,1310640,,False
CT24090110,AK24080147,2024-09-29,2024-11-05,1011,2,正社員,買取,,PR24110041,0,14192875,False
CT25010111,AK24080147,2025-01-01,2025-02-04,1011,2,正社員,売却,3,PR24110041,1015132,,False
CT24090112,AK24080151,2024-09-09,2024-10-08,1005,1,正社員,買取,,PR24100042,0,12268593,False
CT24110113,AK24080151,2024-11-22,2024-12-15,1005,1,正社員,売却,6,PR24100042,922649,,True
CT24100114,AK24080154,2024-10-15,2024-11-10,1012,2,正社員,仲介,8,,507102,,False
CT24110115,AK24080156,2024-11-02,2024-11-30,1011,2,正社員,仲介,8,,478031,,False
CT24100116,AK24080157,2024-10-09,2024-11-18,1004,1,派遣,仲介,8,,372427,,False
CT24090117,AK24080158,2024-09-01,2024-10-16,1012,2,正社員,買取,,PR24100043,0,13253702,False
CT24100118,AK24080158,2024-10-31,2024-11-22,1012,2,正社員,売却,2,PR24100043,1235274,,False
CT24090119,AK24080159,2024-09-09,2024-10-24,1012,2,正社員,仲介,8,,336781,,False
CT24100120,AK24080161,2024-10-21,2024-12-05,1003,1,正社員,仲介,8,,919769,,False
CT24120121,AK24090163,2024-12-06,2025-01-11,1010,2,正社員,買取,,PR25010044,0,14680855,False
CT25020122,AK24090163,2025-02-20,2025-03-31,1010,2,正社員,売却,6,PR25010044,1039090,,True
CT24120123,AK24090166,2024-12-03,2025-01-09,1012,2,正社員,買取,,PR25010045,0,15531433,False
CT25020124,AK24090166,2025-02-13,2025-03-17,1012,2,正社員,売却,3,PR25010045,1973882,,False
CT24100125,AK24090167,2024-10-16,2024-11-25,1010,2,正社員,仲介,8,,382698,,False
CT24100126,AK24090170,2024-10-15,2024-11-25,1009,2,正社員,仲介,8,,626278,,False
CT24110127,AK24090171,2024-11-12,2024-12-05,1010,2,正社員,買取,,PR24120046,0,11317536,False
CT25010128,AK24090171,2025-01-16,2025-03-02,1010,2,正社員,売却,7,PR24120046,855646,,True
CT24110129,AK24090172,2024-11-17,2024-12-28,1011,2,正社員,買取,,PR24120047,0,15331122,False
CT25020130,AK24090172,2025-02-02,2025-03-17,1011,2,正社員,売却,7,PR24120047,2275354,,True
CT24110131,AK24090179,2024-11-06,2024-12-20,1009,2,正社員,買取,,PR24120048,0,9555617,False
CT25010132,AK24090179,2025-01-11,2025-02-01,1009,2,正社員,売却,7,PR24120048,672097,,True
CT24100133,AK24090183,2024-10-02,2024-10-22,1011,2,正社員,買取,,PR24100049,0,12487062,False
CT25020134,AK24090183,2025-02-08,2025-03-09,1011,2,正社員,売却,2,PR24100049,1035397,,False
CT24110135,AK24090184,2024-11-19,2024-12-14,1005,1,正社員,買取,,PR24120050,0,19038477,False
CT25050136,AK24090184,2025-05-05,2025-06-06,1005,1,正社員,売却,2,PR24120050,1847982,,False
CT24120137,AK24090186,2024-12-08,2025-01-15,1001,1,クルー,買取,,PR25010051,0,15596017,False
CT25030138,AK24090186,2025-03-10,2025-04-21,1001,1,クルー,売却,3,PR25010051,2117386,,False
CT24110139,AK24090188,2024-11-12,2024-12-20,1008,2,クルー,買取,,PR24120052,0,17913482,False
CT25020140,AK24090188,2025-02-04,2025-03-12,1008,2,クルー,売却,7,PR24120052,1918101,,True
CT24100141,AK24090189,2024-10-10,2024-11-15,1008,2,クルー,仲介,8,,730445,,False
CT24100142,AK24090191,2024-10-09,2024-11-22,1002,1,正社員,買取,,PR24110053,0,24077241,False
CT24120143,AK24090191,2024-12-28,2025-01-22,1002,1,正社員,売却,4,PR24110053,1947828,,False
CT24100144,AK24090193,2024-10-28,2024-12-12,1008,2,クルー,買取,,PR24120054,0,10073246,False
CT25020145,AK24090193,2025-02-21,2025-03-31,1008,2,クルー,売却,6,PR24120054,1173469,,True
CT24120146,AK24090195,2024-12-14,2025-01-28,1012,2,正社員,買取,,PR25010055,0,23166681,False
CT25040147,AK24090195,2025-04-01,2025-05-05,1012,2,正社員,売却,2,PR25010055,1706243,,False
CT24100148,AK24090196,2024-10-12,2024-11-15,1008,2,クルー,買取,,PR24110056,0,10204333,False
CT25040149,AK24090196,2025-04-12,2025-05-27,1008,2,クルー,売却,3,PR24110056,1417472,,False
CT24110150,AK24090197,2024-11-27,2024-12-31,1002,1,正社員,仲介,8,,836643,,False
CT24110151,AK24090198,2024-11-07,2024-12-09,1011,2,正社員,仲介,8,,676818,,False
CT24120152,AK24100201,2024-12-26,2025-01-19,1012,2,正社員,買取,,PR25010057,0,9316404,False
CT25030153,AK24100201,2025-03-04,2025-04-02,1012,2,正社員,売却,3,PR25010057,1048144,,False
CT24110154,AK24100203,2024-11-12,2024-12-12,1011,2,正社員,買取,,PR24120058,0,16269449,False
CT25100155,AK24100203,2025-10-01,2025-10-27,1011,2,正社員,売却,2,PR24120058,1002684,,False
CT24120156,AK24100208,2024-12-09,2025-01-09,1005,1,正社員,仲介,8,,407532,,False
CT24120157,AK24100209,2024-12-17,2025-01-22,1012,2,正社員,買取,,PR25010059,0,21317603,False
CT25030158,AK24100209,2025-03-25,2025-04-19,1012,2,正社員,売却,2,PR25010059,2413467,,False
CT24120159,AK24100211,2024-12-22,2025-01-15,1005,1,正社員,仲介,8,,396029,,False
CT24120160,AK24100212,2024-12-14,2025-01-14,1009,2,正社員,仲介,8,,257924,,False
CT24110161,AK24100213,2024-11-28,2024-12-30,1001,1,クルー,買取,,PR24120060,0,19899870,False
CT25020162,AK24100213,2025-02-17,2025-03-20,1001,1,クルー,売却,3,PR24120060,1596256,,False
CT24110163,AK24100216,2024-11-12,2024-12-06,1010,2,正社員,仲介,8,,455882,,False
CT24110164,AK24100217,2024-11-29,2025-01-12,1011,2,正社員,仲介,8,,332863,,False
CT24120165,AK24100218,2024-12-15,2025-01-24,1005,1,正社員,買取,,PR25010061,0,13290510,False
CT25020166,AK24100218,2025-02-23,2025-03-17,1005,1,正社員,売却,7,PR25010061,1989837,,True
CT24110167,AK24100219,2024-11-03,2024-12-02,1011,2,正社員,仲介,8,,530766,,False
CT24120168,AK24100220,2024-12-08,2025-01-02,1009,2,正社員,仲介,8,,471945,,False
CT25010169,AK24100221,2025-01-07,2025-02-13,1002,1,正社員,仲介,8,,321104,,False
CT24110170,AK24100223,2024-11-07,2024-12-08,1001,1,クルー,買取,,PR24120062,0,5887201,False
CT25010171,AK24100223,2025-01-05,2025-02-05,1001,1,クルー,売却,1,PR24120062,435485,,False
CT24120172,AK24100224,2024-12-23,2025-01-29,1012,2,正社員,仲介,8,,366310,,False
CT25010173,AK24100226,2025-01-02,2025-01-23,1010,2,正社員,買取,,PR25010063,0,22853527,False
CT25050174,AK24100226,2025-05-31,2025-06-26,1010,2,正社員,売却,5,PR25010063,1827767,,True
CT24120175,AK24100228,2024-12-01,2025-01-14,1005,1,正社員,仲介,8,,306665,,False
CT24120176,AK24100229,2024-12-29,2025-01-31,1001,1,クルー,仲介,8,,692392,,False
CT25010177,AK24100231,2025-01-05,2025-02-02,1003,1,正社員,仲介,8,,334210,,False
CT24120178,AK24100232,2024-12-01,2025-01-07,1002,1,正社員,買取,,PR25010064,0,13049558,False
CT25010179,AK24100232,2025-01-29,2025-02-28,1002,1,正社員,売却,7,PR25010064,1831380,,True
CT24110180,AK24100237,2024-11-14,2024-12-11,1012,2,正社員,仲介,8,,247948,,False
CT25010181,AK24110238,2025-01-21,2025-02-21,1012,2,正社員,買取,,PR25020065,0,11738060,False
CT25050182,AK24110238,2025-05-08,2025-06-21,1012,2,正社員,売却,7,PR25020065,1219218,,True
CT24120183,AK24110239,2024-12-12,2025-01-01,1008,2,クルー,買取,,PR25010066,0,27488564,False
CT25030184,AK24110239,2025-03-14,2025-04-18,1008,2,クルー,売却,1,PR25010066,3216520,,False
CT24120185,AK24110244,2024-12-10,2025-01-06,1008,2,クルー,買取,,PR25010067,0,23835361,False
CT25030186,AK24110244,2025-03-26,2025-04-15,1008,2,クルー,売却,3,PR25010067,1453709,,False
CT24120187,AK24110245,2024-12-22,2025-01-13,1010,2,正社員,仲介,8,,937114,,False
CT25010188,AK24110247,2025-01-21,2025-03-02,1009,2,正社員,仲介,8,,435024,,False
CT25010189,AK24110251,2025-01-08,2025-02-17,1011,2,正社員,買取,,PR25020068,0,6813745,False
CT25050190,AK24110251,2025-05-08,2025-06-01,1011,2,正社員,売却,1,PR25020068,858065,,False
CT24120191,AK24110261,2024-12-18,2025-01-17,1001,1,クルー,仲介,8,,725166,,False
CT25010192,AK24110262,2025-01-30,2025-03-05,1012,2,正社員,買取,,PR25030069,0,13418935,False
CT25040193,AK24110262,2025-04-01,2025-04-30,1012,2,正社員,売却,1,PR25030069,1459592,,False
CT25010194,AK24110263,2025-01-14,2025-02-04,1009,2,正社員,仲介,8,,693178,,False
CT24120195,AK24110265,2024-12-20,2025-01-17,1005,1,正社員,買取,,PR25010070,0,19942914,False
CT25040196,AK24110265,2025-04-04,2025-05-18,1005,1,正社員,売却,1,PR25010070,1520682,,False
CT25010197,AK24110266,2025-01-09,2025-01-31,1009,2,正社員,仲介,8,,324467,,False
CT24120198,AK24110267,2024-12-15,2025-01-08,1009,2,正社員,仲介,8,,785433,,False
CT24110199,AK24110269,2024-11-27,2024-12-18,1003,1,正社員,仲介,8,,610953,,False
CT25010200,AK24110271,2025-01-14,2025-02-08,1003,1,正社員,仲介,8,,450427,,False
CT25010201,AK24110272,2025-01-17,2025-02-22,1009,2,正社員,仲介,8,,891940,,False
CT25010202,AK24120277,2025-01-25,2025-02-20,1003,1,正社員,仲介,8,,815561,,False
CT25010203,AK24120278,2025-01-21,2025-02-23,1001,1,クルー,買取,,PR25020071,0,42205660,False
CT25040204,AK24120278,2025-04-12,2025-05-25,1001,1,クルー,売却,2,PR25020071,6270389,,False
CT25030205,AK24120282,2025-03-12,2025-04-10,1012,2,正社員,買取,,PR25040072,0,9546617,False
CT25050206,AK24120282,2025-05-17,2025-06-15,1012,2,正社員,売却,2,PR25040072,588154,,False
CT25010207,AK24120285,2025-01-20,2025-02-18,1008,2,クルー,仲介,8,,359377,,False
CT25020208,AK24120289,2025-02-15,2025-03-10,1011,2,正社員,買取,,PR25030073,0,7400651,False
CT25050209,AK24120289,2025-05-11,2025-05-31,1011,2,正社員,売却,2,PR25030073,590895,,False
CT25020210,AK24120290,2025-02-08,2025-03-24,1009,2,正社員,仲介,8,,804494,,False
CT25010211,AK24120291,2025-01-06,2025-02-15,1005,1,正社員,買取,,PR25020074,0,8845807,False
CT25030212,AK24120291,2025-03-23,2025-04-29,1005,1,正社員,売却,1,PR25020074,1180251,,False
CT25020213,AK24120294,2025-02-05,2025-03-06,1001,1,クルー,仲介,8,,391307,,False
CT25030214,AK24120296,2025-03-09,2025-04-18,1005,1,正社員,買取,,PR25040075,0,17436326,False
CT25050215,AK24120296,2025-05-24,2025-07-05,1005,1,正社員,売却,6,PR25040075,1687152,,True
CT25030216,AK24120297,2025-03-01,2025-04-03,1012,2,正社員,買取,,PR25040076,0,22329207,False
CT25050217,AK24120297,2025-05-06,2025-05-28,1012,2,正社員,売却,1,PR25040076,1502625,,False
CT25030218,AK24120299,2025-03-24,2025-05-06,1009,2,正社員,買取,,PR25050077,0,3132045,False
CT25060219,AK24120299,2025-06-10,2025-07-08,1009,2,正社員,売却,2,PR25050077,420387,,False
CT25020220,AK24120300,2025-02-21,2025-04-04,1001,1,クルー,買取,,PR25040078,0,34434828,False
CT25060221,AK24120300,2025-06-12,2025-07-24,1001,1,クルー,売却,6,PR25040078,4106720,,True
CT25030222,AK24120301,2025-03-03,2025-04-05,1012,2,正社員,買取,,PR25040079,0,18003714,False
CT25070223,AK24120301,2025-07-06,2025-08-19,1012,2,正社員,売却,2,PR25040079,2210359,,False
CT25030224,AK25010304,2025-03-10,2025-04-21,1008,2,クルー,買取,,PR25040080,0,16023739,False
CT25050225,AK25010304,2025-05-30,2025-06-21,1008,2,クルー,売却,4,PR25040080,2141044,,False
CT25040226,AK25010305,2025-04-12,2025-05-03,1001,1,クルー,買取,,PR25050081,0,13551253,False
CT25070227,AK25010305,2025-07-02,2025-08-12,1001,1,クルー,売却,1,PR25050081,1565487,,False
CT25030228,AK25010312,2025-03-26,2025-04-28,1001,1,クルー,仲介,8,,540364,,False
CT25030229,AK25010313,2025-03-13,2025-04-06,1011,2,正社員,仲介,8,,536176,,False
CT25010230,AK25010316,2025-01-24,2025-02-20,1004,1,派遣,買取,,PR25020082,0,17775045,False
CT25040231,AK25010316,2025-04-16,2025-05-18,1004,1,派遣,売却,2,PR25020082,2298965,,False
CT25040232,AK25010317,2025-04-15,2025-05-15,1001,1,クルー,仲介,8,,253207,,False
CT25030233,AK25010319,2025-03-13,2025-04-03,1003,1,正社員,買取,,PR25040083,0,13846978,False
CT25050234,AK25010319,2025-05-05,2025-06-14,1003,1,正社員,売却,4,PR25040083,933484,,False
CT25040235,AK25010320,2025-04-23,2025-05-23,1001,1,クルー,仲介,8,,299611,,False
CT25040236,AK25010321,2025-04-07,2025-05-12,1009,2,正社員,買取,,PR25050084,0,13571397,False
CT25060237,AK25010321,2025-06-11,2025-07-08,1009,2,正社員,売却,2,PR25050084,1326949,,False
CT25040238,AK25010322,2025-04-08,2025-05-15,1010,2,正社員,買取,,PR25050085,0,10986767,False
CT25080239,AK25010322,2025-08-25,2025-09-26,1010,2,正社員,売却,2,PR25050085,886587,,False
CT25030240,AK25010324,2025-03-28,2025-05-08,1002,1,正社員,仲介,8,,890794,,False
CT25040241,AK25010325,2025-04-20,2025-06-02,1012,2,正社員,買取,,PR25060086,0,14806022,False
CT25080242,AK25010325,2025-08-14,2025-09-18,1012,2,正社員,売却,3,PR25060086,1915647,,False
CT25030243,AK25010326,2025-03-11,2025-04-23,1005,1,正社員,仲介,8,,646580,,False
CT25040244,AK25010330,2025-04-02,2025-05-16,1008,2,クルー,仲介,8,,1027603,,False
CT25020245,AK25010331,2025-02-19,2025-03-29,1008,2,クルー,買取,,PR25030087,0,14903858,False
CT25070246,AK25010331,2025-07-06,2025-08-18,1008,2,クルー,売却,7,PR25030087,1310534,,True
CT25030247,AK25010332,2025-03-22,2025-04-18,1012,2,正社員,買取,,PR25040088,0,12237589,False
CT25050248,AK25010332,2025-05-02,2025-06-09,1012,2,正社員,売却,4,PR25040088,1055487,,False
CT25040249,AK25010333,2025-04-08,2025-05-21,1011,2,正社員,仲介,8,,605562,,False
CT25030250,AK25020336,2025-03-11,2025-03-31,1009,2,正社員,仲介,8,,314587,,False
CT25050251,AK25020337,2025-05-04,2025-06-14,1004,1,派遣,買取,,PR25060089,0,33440959,False
CT25080252,AK25020337,2025-08-20,2025-09-09,1004,1,派遣,売却,5,PR25060089,2270908,,True
CT25040253,AK25020338,2025-04-09,2025-04-29,1001,1,クルー,仲介,8,,334942,,False
CT25040254,AK25020339,2025-04-05,2025-04-28,1011,2,正社員,仲介,8,,742602,,False
CT25050255,AK25020340,2025-05-10,2025-06-07,1002,1,正社員,買取,,PR25060090,0,28155990,False
CT25090256,AK25020340,2025-09-19,2025-10-17,1002,1,正社員,売却,1,PR25060090,4061757,,False
CT25030257,AK25020341,2025-03-28,2025-04-26,1008,2,クルー,買取,,PR25040091,0,17621447,False
CT25080258,AK25020341,2025-08-06,2025-09-15,1008,2,クルー,売却,1,PR25040091,1595631,,False
CT25040259,AK25020345,2025-04-18,2025-05-09,1004,1,派遣,仲介,8,,1197044,,False
CT25040260,AK25020346,2025-04-14,2025-05-04,1002,1,正社員,仲介,8,,412012,,False
CT25040261,AK25020348,2025-04-15,2025-05-26,1002,1,正社員,買取,,PR25050092,0,14836504,False
CT25120262,AK25020348,2025-12-28,2026-01-29,1002,1,正社員,売却,2,PR25050092,1850529,,False
CT25030263,AK25020349,2025-03-16,2025-04-18,1002,1,正社員,仲介,8,,626606,,False
CT25030264,AK25020352,2025-03-22,2025-05-02,1004,1,派遣,仲介,8,,938424,,False
CT25030265,AK25020353,2025-03-31,2025-05-12,1012,2,正社員,買取,,PR25050093,0,36922897,False
CT25090266,AK25020353,2025-09-03,2025-09-25,1012,2,正社員,売却,4,PR25050093,5208460,,False
CT25030267,AK25020354,2025-03-22,2025-04-11,1003,1,正社員,買取,,PR25040094,0,20117608,False
CT25050268,AK25020354,2025-05-04,2025-06-07,1003,1,正社員,売却,3,PR25040094,1588478,,False
CT25030269,AK25020356,2025-03-31,2025-05-02,1002,1,正社員,買取,,PR25050095,0,18734444,False
CT25070270,AK25020356,2025-07-11,2025-08-09,1002,1,正社員,売却,1,PR25050095,1524588,,False
CT25030271,AK25020358,2025-03-18,2025-04-20,1005,1,正社員,買取,,PR25040096,0,19157039,False
CT25060272,AK25020358,2025-06-07,2025-07-10,1005,1,正社員,売却,1,PR25040096,2037036,,False
CT25040273,AK25020361,2025-04-11,2025-05-14,1012,2,正社員,仲介,8,,303779,,False
CT25030274,AK25020362,2025-03-17,2025-04-21,1012,2,正社員,買取,,PR25040097,0,17531108,False
CT25050275,AK25020362,2025-05-14,2025-06-08,1012,2,正社員,売却,3,PR25040097,1167829,,False
CT25050276,AK25020364,2025-05-25,2025-06-20,1009,2,正社員,仲介,8,,410388,,False
CT25030277,AK25020367,2025-03-11,2025-04-22,1010,2,正社員,仲介,8,,815342,,False
CT25050278,AK25020368,2025-05-13,2025-06-20,1009,2,正社員,買取,,PR25060098,0,18202681,False
CT25080279,AK25020368,2025-08-09,2025-09-15,1009,2,正社員,売却,4,PR25060098,1275512,,False
CT25040280,AK25020371,2025-04-15,2025-05-12,1008,2,クルー,買取,,PR25050099,0,14141843,False
CT25060281,AK25020371,2025-06-13,2025-07-17,1008,2,クルー,売却,4,PR25050099,1250903,,False
CT25040282,AK25030373,2025-04-22,2025-05-28,1003,1,正社員,買取,,PR25050100,0,5827783,False
CT25050283,AK25030377,2025-05-19,2025-06-15,1011,2,正社員,買取,,PR25060101,0,13766569,False
CT25080284,AK25030377,2025-08-22,2025-10-01,1011,2,正社員,売却,6,PR25060101,1864411,,True
CT25060285,AK25030378,2025-06-22,2025-07-25,1001,1,クルー,仲介,8,,1114288,,False
CT25040286,AK25030380,2025-04-04,2025-05-02,1011,2,正社員,買取,,PR25050102,0,16394647,False
CT25070287,AK25030380,2025-07-19,2025-08-24,1011,2,正社員,売却,3,PR25050102,1301911,,False
CT25050288,AK25030382,2025-05-20,2025-06-28,1008,2,クルー,買取,,PR25060103,0,23579185,False
CT25080289,AK25030382,2025-08-18,2025-09-28,1008,2,クルー,売却,5,PR25060103,2618031,,True
CT25040290,AK25030384,2025-04-27,2025-06-01,1009,2,正社員,買取,,PR25060104,0,24026665,False
CT25080291,AK25030384,2025-08-24,2025-09-30,1009,2,正社員,売却,5,PR25060104,3166792,,True
CT25050292,AK25030386,2025-05-30,2025-07-05,1001,1,クルー,買取,,PR25070105,0,8439643,False
CT25070293,AK25030386,2025-07-27,2025-08-29,1001,1,クルー,売却,4,PR25070105,801514,,False
CT25040294,AK25030387,2025-04-18,2025-05-17,1010,2,正社員,買取,,PR25050106,0,8270209,False
CT25070295,AK25030387,2025-07-22,2025-08-19,1010,2,正社員,売却,3,PR25050106,993575,,False
CT25060296,AK25030389,2025-06-09,2025-07-10,1011,2,正社員,買取,,PR25070107,0,12960108,False
CT25080297,AK25030389,2025-08-24,2025-10-07,1011,2,正社員,売却,2,PR25070107,1175641,,False
CT25040298,AK25030391,2025-04-11,2025-05-25,1001,1,クルー,仲介,8,,1326778,,False
CT25060299,AK25030394,2025-06-10,2025-07-05,1001,1,クルー,買取,,PR25070108,0,17894407,False
CT25080300,AK25030394,2025-08-12,2025-09-23,1001,1,クルー,売却,3,PR25070108,1856159,,False
CT25050301,AK25030398,2025-05-12,2025-06-13,1010,2,正社員,仲介,8,,681190,,False
CT25060302,AK25030403,2025-06-07,2025-07-01,1004,1,派遣,仲介,8,,596332,,False
CT25040303,AK25030404,2025-04-18,2025-05-09,1012,2,正社員,買取,,PR25050109,0,14501256,False
CT25070304,AK25030404,2025-07-12,2025-08-21,1012,2,正社員,売却,4,PR25050109,2111764,,False
CT25050305,AK25030405,2025-05-16,2025-06-05,1001,1,クルー,仲介,8,,509868,,False
CT25050306,AK25030407,2025-05-28,2025-06-25,1003,1,正社員,仲介,8,,1006705,,False
CT25040307,AK25030409,2025-04-19,2025-05-31,1005,1,正社員,仲介,8,,375119,,False
CT25040308,AK25030410,2025-04-19,2025-05-25,1002,1,正社員,買取,,PR25050110,0,34016920,False
CT25060309,AK25030410,2025-06-30,2025-07-20,1002,1,正社員,売却,5,PR25050110,3950974,,True
CT25050310,AK25040411,2025-05-28,2025-06-28,1004,1,派遣,仲介,8,,565967,,False
CT25050311,AK25040413,2025-05-30,2025-07-12,1011,2,正社員,仲介,8,,508839,,False
CT25050312,AK25040415,2025-05-03,2025-06-10,1004,1,派遣,仲介,8,,289075,,False
CT25060313,AK25040416,2025-06-03,2025-07-13,1009,2,正社員,買取,,PR25070111,0,14985940,False
CT25080314,AK25040416,2025-08-19,2025-09-15,1009,2,正社員,売却,3,PR25070111,1476684,,False
CT25040315,AK25040422,2025-04-25,2025-06-09,1012,2,正社員,買取,,PR25060112,0,15227555,False
CT25080316,AK25040422,2025-08-17,2025-09-22,1012,2,正社員,売却,4,PR25060112,2119784,,False
CT25060317,AK25040426,2025-06-09,2025-07-01,1009,2,正社員,仲介,8,,1089228,,False
CT25040318,AK25040428,2025-04-20,2025-05-15,1003,1,正社員,買取,,PR25050113,0,9604566,False
CT25080319,AK25040428,2025-08-10,2025-09-10,1003,1,正社員,売却,3,PR25050113,659842,,False
CT25050320,AK25040429,2025-05-24,2025-07-07,1003,1,正社員,仲介,8,,819787,,False
CT25050321,AK25040430,2025-05-04,2025-06-01,1001,1,クルー,仲介,8,,284789,,False
CT25060322,AK25040431,2025-06-21,2025-07-12,1012,2,正社員,買取,,PR25070114,0,15987750,False
CT25080323,AK25040431,2025-08-19,2025-09-26,1012,2,正社員,売却,6,PR25070114,2046021,,True
CT25070324,AK25040433,2025-07-12,2025-08-12,1001,1,クルー,仲介,8,,733105,,False
CT25040325,AK25040436,2025-04-24,2025-05-19,1005,1,正社員,仲介,8,,663708,,False
CT25070326,AK25040438,2025-07-19,2025-08-22,1005,1,正社員,仲介,8,,698641,,False
CT25060327,AK25040441,2025-06-28,2025-08-07,1001,1,クルー,買取,,PR25080115,0,15562643,False
CT25100328,AK25040441,2025-10-02,2025-11-01,1001,1,クルー,売却,7,PR25080115,2163482,,True
CT25050329,AK25040443,2025-05-22,2025-06-13,1010,2,正社員,仲介,8,,466204,,False
CT25050330,AK25040445,2025-05-12,2025-06-17,1008,2,クルー,仲介,8,,498179,,False
CT25060331,AK25050448,2025-06-24,2025-07-18,1008,2,クルー,買取,,PR25070116,0,13104911,False
CT25090332,AK25050448,2025-09-16,2025-10-10,1008,2,クルー,売却,6,PR25070116,1256494,,True
CT25060333,AK25050450,2025-06-19,2025-08-03,1005,1,正社員,買取,,PR25080117,0,15368884,False
CT25100334,AK25050450,2025-10-04,2025-11-15,1005,1,正社員,売却,1,PR25080117,1530065,,False
CT25070335,AK25050451,2025-07-12,2025-08-12,1004,1,派遣,仲介,8,,308194,,False
CT25060336,AK25050452,2025-06-08,2025-06-28,1009,2,正社員,仲介,8,,339679,,False
CT25060337,AK25050454,2025-06-17,2025-07-31,1010,2,正社員,仲介,8,,487624,,False
CT25050338,AK25050455,2025-05-30,2025-07-07,1004,1,派遣,買取,,PR25070118,0,12888836,False
CT25080339,AK25050455,2025-08-18,2025-09-09,1004,1,派遣,売却,5,PR25070118,914136,,True
CT25070340,AK25050457,2025-07-29,2025-08-31,1002,1,正社員,仲介,8,,535271,,False
CT25070341,AK25050459,2025-07-03,2025-07-24,1004,1,派遣,買取,,PR25070119,0,4753046,False
CT25110342,AK25050459,2025-11-06,2025-12-16,1004,1,派遣,売却,4,PR25070119,664449,,False
CT25060343,AK25050460,2025-06-17,2025-07-20,1011,2,正社員,買取,,PR25070120,0,8855877,False
CT25100344,AK25050460,2025-10-11,2025-11-20,1011,2,正社員,売却,2,PR25070120,1144510,,False
CT25060345,AK25050463,2025-06-21,2025-07-11,1009,2,正社員,買取,,PR25070121,0,11731062,False
CT25090346,AK25050463,2025-09-24,2025-10-15,1009,2,正社員,売却,4,PR25070121,931072,,False
CT25060347,AK25050465,2025-06-13,2025-07-27,1004,1,派遣,買取,,PR25070122,0,25700421,False
CT25090348,AK25050465,2025-09-19,2025-10-27,1004,1,派遣,売却,4,PR25070122,2671345,,False
CT25080349,AK25050467,2025-08-24,2025-09-13,1012,2,正社員,仲介,8,,288832,,False
CT25060350,AK25050468,2025-06-27,2025-08-11,1008,2,クルー,仲介,8,,560351,,False
CT25060351,AK25050469,2025-06-19,2025-07-28,1010,2,正社員,買取,,PR25070123,0,11100248,False
CT25110352,AK25050469,2025-11-16,2025-12-06,1010,2,正社員,売却,1,PR25070123,1103190,,False
CT25060353,AK25050472,2025-06-17,2025-07-23,1003,1,正社員,仲介,8,,688425,,False
CT25070354,AK25050476,2025-07-15,2025-08-27,1004,1,派遣,仲介,8,,549710,,False
CT25080355,AK25050477,2025-08-01,2025-09-02,1005,1,正社員,買取,,PR25090124,0,8181237,False
CT25100356,AK25050477,2025-10-05,2025-10-30,1005,1,正社員,売却,2,PR25090124,1061260,,False
CT25060357,AK25050478,2025-06-23,2025-07-20,1012,2,正社員,買取,,PR25070125,0,12327421,False
CT25110358,AK25050478,2025-11-19,2025-12-19,1012,2,正社員,売却,7,PR25070125,1033705,,True
CT25060359,AK25050479,2025-06-07,2025-07-08,1008,2,クルー,買取,,PR25070126,0,23482880,False
CT25080360,AK25050479,2025-08-15,2025-09-29,1008,2,クルー,売却,5,PR25070126,2216186,,True
CT25080361,AK25050482,2025-08-01,2025-08-23,1012,2,正社員,仲介,8,,507778,,False
CT25060362,AK25060485,2025-06-27,2025-07-20,1001,1,クルー,仲介,8,,612618,,False
CT25090363,AK25060487,2025-09-06,2025-10-13,1005,1,正社員,買取,,PR25100127,0,9373495,False
CT25100364,AK25060487,2025-10-31,2025-11-24,1005,1,正社員,売却,6,PR25100127,1079494,,True
CT25070365,AK25060489,2025-07-26,2025-08-17,1004,1,派遣,買取,,PR25080128,0,17225368,False
CT25110366,AK25060489,2025-11-22,2025-12-15,1004,1,派遣,売却,4,PR25080128,2298470,,False
CT25090367,AK25060490,2025-09-08,2025-10-10,1010,2,正社員,仲介,8,,361098,,False
CT25080368,AK25060491,2025-08-23,2025-09-13,1003,1,正社員,仲介,8,,670859,,False
CT25070369,AK25060492,2025-07-01,2025-07-25,1005,1,正社員,買取,,PR25070129,0,18809374,False
CT25100370,AK25060492,2025-10-09,2025-10-31,1005,1,正社員,売却,4,PR25070129,2512945,,False
CT25090371,AK25060493,2025-09-07,2025-10-10,1012,2,正社員,買取,,PR25100130,0,26187379,False
CT25120372,AK25060493,2025-12-09,2026-01-16,1012,2,正社員,売却,4,PR25100130,2849222,,False
CT25080373,AK25060496,2025-08-14,2025-09-09,1004,1,派遣,買取,,PR25090131,0,22491851,False
CT25110374,AK25060496,2025-11-03,2025-12-12,1004,1,派遣,売却,1,PR25090131,1368400,,False
CT25090375,AK25060500,2025-09-16,2025-10-17,1012,2,正社員,買取,,PR25100132,0,28759753,False
CT26020376,AK25060500,2026-02-17,2026-03-17,1012,2,正社員,売却,4,PR25100132,3160132,,False
CT25080377,AK25060501,2025-08-25,2025-09-18,1012,2,正社員,買取,,PR25090133,0,10536505,False
CT25120378,AK25060501,2025-12-15,2026-01-05,1012,2,正社員,売却,3,PR25090133,981103,,False
CT25070379,AK25060503,2025-07-31,2025-09-04,1001,1,クルー,仲介,8,,997641,,False
CT25090380,AK25060507,2025-09-04,2025-10-06,1001,1,クルー,仲介,8,,828520,,False
CT25070381,AK25060509,2025-07-16,2025-08-19,1004,1,派遣,買取,,PR25080134,0,11636407,False
CT25100382,AK25060509,2025-10-25,2025-11-25,1004,1,派遣,売却,3,PR25080134,1286214,,False
CT25070383,AK25060510,2025-07-27,2025-09-06,1008,2,クルー,買取,,PR25090135,0,23068045,False
CT25120384,AK25060510,2025-12-10,2026-01-06,1008,2,クルー,売却,4,PR25090135,2418523,,False
CT25070385,AK25060511,2025-07-21,2025-08-18,1003,1,正社員,仲介,8,,467095,,False
CT25080386,AK25070514,2025-08-15,2025-09-11,1010,2,正社員,買取,,PR25090136,0,12351062,False
CT25100387,AK25070514,2025-10-16,2025-11-24,1010,2,正社員,売却,3,PR25090136,839551,,False
CT25080388,AK25070518,2025-08-18,2025-09-22,1011,2,正社員,仲介,8,,434746,,False
CT25100389,AK25070522,2025-10-08,2025-11-06,1008,2,クルー,買取,,PR25110137,0,8842224,False
CT26010390,AK25070522,2026-01-10,2026-02-12,1008,2,クルー,売却,1,PR25110137,768259,,False
CT25100391,AK25070526,2025-10-10,2025-11-23,1002,1,正社員,買取,,PR25110138,0,28044011,False
CT26010392,AK25070526,2026-01-21,2026-03-03,1002,1,正社員,売却,1,PR25110138,2785234,,False
CT25090393,AK25070527,2025-09-03,2025-10-04,1004,1,派遣,仲介,8,,392966,,False
CT25070394,AK25070528,2025-07-31,2025-09-09,1005,1,正社員,買取,,PR25090139,0,17920395,False
CT25100395,AK25070528,2025-10-21,2025-11-25,1005,1,正社員,売却,1,PR25090139,2618085,,False
CT25080396,AK25070529,2025-08-20,2025-09-13,1009,2,正社員,買取,,PR25090140,0,13686323,False
CT25110397,AK25070529,2025-11-26,2025-12-26,1009,2,正社員,売却,4,PR25090140,1128562,,False
CT25080398,AK25070530,2025-08-05,2025-09-09,1003,1,正社員,仲介,8,,442781,,False
CT25080399,AK25070531,2025-08-12,2025-09-01,1008,2,クルー,仲介,8,,495744,,False
CT25090400,AK25070534,2025-09-01,2025-09-21,1009,2,正社員,買取,,PR25090141,0,16764021,False
CT25110401,AK25070534,2025-11-23,2026-01-06,1009,2,正社員,売却,2,PR25090141,2419283,,False
CT25090402,AK25070537,2025-09-29,2025-11-07,1001,1,クルー,仲介,8,,302745,,False
CT25080403,AK25070541,2025-08-05,2025-09-06,1012,2,正社員,買取,,PR25090142,0,10777751,False
CT25100404,AK25070541,2025-10-12,2025-11-25,1012,2,正社員,売却,1,PR25090142,1191049,,False
CT25080405,AK25070543,2025-08-30,2025-10-04,1002,1,正社員,買取,,PR25100143,0,10336017,False
CT25120406,AK25070543,2025-12-06,2026-01-01,1002,1,正社員,売却,1,PR25100143,1071045,,False
CT25080407,AK25070547,2025-08-11,2025-09-01,1011,2,正社員,買取,,PR25090144,0,13814887,False
CT26010408,AK25070547,2026-01-15,2026-02-10,1011,2,正社員,売却,4,PR25090144,1806504,,False
CT25080409,AK25070549,2025-08-27,2025-09-24,1003,1,正社員,買取,,PR25090145,0,15851305,False
CT25080410,AK25070550,2025-08-15,2025-09-05,1005,1,正社員,買取,,PR25090146,0,7423230,False
CT25110411,AK25070550,2025-11-01,2025-12-02,1005,1,正社員,売却,3,PR25090146,1052835,,False
CT25090412,AK25080557,2025-09-07,2025-10-18,1003,1,正社員,買取,,PR25100147,0,21167686,False
CT25120413,AK25080557,2025-12-10,2026-01-14,1003,1,正社員,売却,1,PR25100147,1570979,,False
CT25100414,AK25080558,2025-10-09,2025-10-29,1009,2,正社員,買取,,PR25100148,0,23843998,False
CT25120415,AK25080558,2025-12-19,2026-01-29,1009,2,正社員,売却,1,PR25100148,3541237,,False
CT25100416,AK25080559,2025-10-25,2025-11-18,1009,2,正社員,仲介,8,,401820,,False
CT25100417,AK25080560,2025-10-03,2025-11-08,1011,2,正社員,仲介,8,,341230,,False
CT25110418,AK25080561,2025-11-13,2025-12-13,1010,2,正社員,買取,,PR25120149,0,10771873,False
CT26020419,AK25080561,2026-02-18,2026-03-20,1010,2,正社員,売却,1,PR25120149,1425380,,False
CT25090420,AK25080562,2025-09-22,2025-10-14,1011,2,正社員,仲介,8,,599176,,False
CT25110421,AK25080563,2025-11-01,2025-12-05,1010,2,正社員,仲介,8,,886733,,False
CT25110422,AK25080567,2025-11-08,2025-12-08,1008,2,クルー,買取,,PR25120150,0,10439877,False
CT25090423,AK25080570,2025-09-17,2025-10-22,1011,2,正社員,仲介,8,,843024,,False
CT25100424,AK25080573,2025-10-12,2025-11-04,1004,1,派遣,仲介,8,,622224,,False
CT25110425,AK25080577,2025-11-22,2025-12-17,1011,2,正社員,仲介,8,,745408,,False
CT25090426,AK25080584,2025-09-16,2025-10-30,1011,2,正社員,仲介,8,,866926,,False
CT25100427,AK25080585,2025-10-25,2025-12-05,1008,2,クルー,買取,,PR25120151,0,9562996,False
CT26010428,AK25080585,2026-01-13,2026-02-15,1008,2,クルー,売却,1,PR25120151,835377,,False
CT25120429,AK25090587,2025-12-16,2026-01-06,1001,1,クルー,仲介,8,,589064,,False
CT25110430,AK25090590,2025-11-24,2025-12-31,1001,1,クルー,買取,,PR25120152,0,15981359,False
CT25110431,AK25090591,2025-11-07,2025-12-17,1005,1,正社員,仲介,8,,342949,,False
CT25110432,AK25090594,2025-11-29,2025-12-27,1011,2,正社員,買取,,PR25120153,0,13346500,False
CT25100433,AK25090595,2025-10-13,2025-11-03,1012,2,正社員,買取,,PR25110154,0,17695838,False
CT25100434,AK25090596,2025-10-25,2025-11-29,1012,2,正社員,仲介,8,,442896,,False
CT25100435,AK25090599,2025-10-30,2025-12-10,1011,2,正社員,買取,,PR25120155,0,22480792,False
CT26020436,AK25090599,2026-02-04,2026-03-06,1011,2,正社員,売却,2,PR25120155,2956494,,False
CT25110437,AK25090602,2025-11-16,2025-12-23,1008,2,クルー,仲介,8,,345042,,False
CT25110438,AK25090604,2025-11-17,2025-12-27,1011,2,正社員,買取,,PR25120156,0,18794092,False
CT25110439,AK25090605,2025-11-25,2026-01-01,1011,2,正社員,仲介,8,,384897,,False
CT25110440,AK25090608,2025-11-20,2025-12-11,1002,1,正社員,仲介,8,,815114,,False
CT25110441,AK25090612,2025-11-04,2025-12-13,1002,1,正社員,仲介,8,,529505,,False
CT25110442,AK25090614,2025-11-20,2026-01-04,1001,1,クルー,買取,,PR26010157,0,14304321,False
CT25100443,AK25090616,2025-10-08,2025-10-28,1001,1,クルー,仲介,8,,273888,,False
CT25100444,AK25090617,2025-10-29,2025-12-11,1012,2,正社員,買取,,PR25120158,0,13678557,False
CT26020445,AK25090617,2026-02-09,2026-03-07,1012,2,正社員,売却,2,PR25120158,1090402,,False
CT25100446,AK25090618,2025-10-07,2025-11-01,1003,1,正社員,仲介,8,,370089,,False
CT25090447,AK25090620,2025-09-30,2025-10-26,1011,2,正社員,買取,,PR25100159,0,13957129,False
CT26010448,AK25090620,2026-01-23,2026-02-22,1011,2,正社員,売却,2,PR25100159,1612550,,False
CT25120449,AK25100622,2025-12-16,2026-01-30,1012,2,正社員,買取,,PR26010160,0,35289519,False
CT25120450,AK25100623,2025-12-05,2026-01-09,1009,2,正社員,仲介,8,,272904,,False
CT26010451,AK25100624,2026-01-08,2026-01-31,1010,2,正社員,買取,,PR26010161,0,13823706,False
CT25110452,AK25100626,2025-11-17,2025-12-07,1005,1,正社員,仲介,8,,530237,,False
CT25120453,AK25100630,2025-12-15,2026-01-20,1003,1,正社員,買取,,PR26010162,0,13640476,False
CT25100454,AK25100633,2025-10-25,2025-11-22,1008,2,クルー,買取,,PR25110163,0,28303055,False
CT26010455,AK25100633,2026-01-28,2026-02-24,1008,2,クルー,売却,7,PR25110163,3923733,,True
CT25120456,AK25100637,2025-12-28,2026-02-01,1009,2,正社員,買取,,PR26020164,0,6431566,False
CT26020457,AK25100637,2026-02-19,2026-03-30,1009,2,正社員,売却,6,PR26020164,807969,,True
CT25110458,AK25100641,2025-11-21,2025-12-12,1004,1,派遣,仲介,8,,382359,,False
CT25120459,AK25110647,2025-12-20,2026-01-12,1012,2,正社員,買取,,PR26010165,0,9180808,False
CT26020460,AK25110647,2026-02-27,2026-03-25,1012,2,正社員,売却,4,PR26010165,668670,,False
CT26020461,AK25110650,2026-02-04,2026-03-09,1011,2,正社員,買取,,PR26030166,0,25894810,False
CT26020462,AK25110651,2026-02-22,2026-03-17,1010,2,正社員,仲介,8,,260617,,False
CT25120463,AK25110653,2025-12-03,2026-01-10,1012,2,正社員,買取,,PR26010167,0,12183797,False
CT26020464,AK25110655,2026-02-09,2026-03-09,1009,2,正社員,買取,,PR26030168,0,14278084,False
CT26010465,AK25110660,2026-01-07,2026-02-12,1010,2,正社員,仲介,8,,799397,,False
CT25120466,AK25110662,2025-12-24,2026-01-28,1009,2,正社員,買取,,PR26010169,0,18348041,False
CT26010467,AK25110663,2026-01-15,2026-02-16,1002,1,正社員,買取,,PR26020170,0,32710036,False
CT26010468,AK25110666,2026-01-09,2026-02-17,1004,1,派遣,仲介,8,,413961,,False
CT25120469,AK25110667,2025-12-17,2026-01-08,1003,1,正社員,買取,,PR26010171,0,18733784,False
CT26020470,AK25110667,2026-02-08,2026-03-24,1003,1,正社員,売却,4,PR26010171,1872702,,False
CT25120471,AK25110668,2025-12-12,2026-01-03,1009,2,正社員,買取,,PR26010172,0,4803865,False
CT26010472,AK25110670,2026-01-25,2026-03-04,1004,1,派遣,仲介,8,,417983,,False
CT25110473,AK25110671,2025-11-30,2026-01-05,1001,1,クルー,買取,,PR26010173,0,49303975,False
CT26010474,AK25110671,2026-01-29,2026-02-28,1001,1,クルー,売却,3,PR26010173,7235979,,False
CT26020475,AK25110672,2026-02-06,2026-03-10,1011,2,正社員,仲介,8,,1014605,,False
CT26020476,AK25110673,2026-02-06,2026-03-19,1012,2,正社員,買取,,PR26030174,0,12576227,False
CT25120477,AK25110674,2025-12-17,2026-01-27,1001,1,クルー,買取,,PR26010175,0,17774153,False
CT26010478,AK25120675,2026-01-18,2026-02-19,1001,1,クルー,仲介,8,,828301,,False
CT26010479,AK25120676,2026-01-27,2026-02-27,1008,2,クルー,仲介,8,,374091,,False
CT26020480,AK25120677,2026-02-06,2026-03-13,1004,1,派遣,仲介,8,,1754093,,False
CT26010481,AK25120679,2026-01-05,2026-01-28,1004,1,派遣,仲介,8,,624436,,False
CT26010482,AK25120680,2026-01-06,2026-02-19,1002,1,正社員,仲介,8,,797060,,False
CT26020483,AK25120681,2026-02-24,2026-03-31,1011,2,正社員,買取,,PR26030176,0,19592576,False
CT26020484,AK25120682,2026-02-06,2026-03-22,1003,1,正社員,仲介,8,,428033,,False
CT26010485,AK25120685,2026-01-08,2026-01-28,1002,1,正社員,買取,,PR26010177,0,11808853,False
CT26010486,AK25120686,2026-01-21,2026-02-15,1012,2,正社員,買取,,PR26020178,0,18912430,False
CT26010487,AK25120687,2026-01-23,2026-02-27,1005,1,正社員,仲介,8,,802385,,False
CT26030488,AK25120689,2026-03-13,2026-04-23,1005,1,正社員,買取,,PR26040179,0,10370254,False
CT26020489,AK25120690,2026-02-27,2026-03-25,1005,1,正社員,買取,,PR26030180,0,11719479,False
CT26030490,AK25120691,2026-03-04,2026-03-28,1003,1,正社員,仲介,8,,894814,,False
CT26010491,AK25120693,2026-01-14,2026-02-25,1005,1,正社員,仲介,8,,376447,,False
CT25120492,AK25120694,2025-12-29,2026-02-01,1003,1,正社員,買取,,PR26020181,0,9826607,False
CT26010493,AK25120702,2026-01-24,2026-02-13,1012,2,正社員,仲介,8,,539285,,False
CT26010494,AK25120703,2026-01-18,2026-02-13,1003,1,正社員,買取,,PR26020182,0,9678959,False
CT26020495,AK25120705,2026-02-03,2026-03-14,1009,2,正社員,仲介,8,,713779,,False
CT26010496,AK26010707,2026-01-24,2026-03-06,1003,1,正社員,買取,,PR26030183,0,11316532,False
CT26010497,AK26010712,2026-01-28,2026-02-17,1005,1,正社員,買取,,PR26020184,0,22949300,False
CT26020498,AK26010717,2026-02-22,2026-03-30,1009,2,正社員,買取,,PR26030185,0,9328983,False
CT26020499,AK26010718,2026-02-18,2026-03-15,1011,2,正社員,買取,,PR26030186,0,15973799,False
CT26030500,AK26010722,2026-03-14,2026-04-12,1002,1,正社員,買取,,PR26040187,0,28837037,False
CT26020501,AK26010723,2026-02-25,2026-03-18,1010,2,正社員,仲介,8,,757673,,False
CT26030502,AK26010726,2026-03-22,2026-05-04,1010,2,正社員,仲介,8,,832509,,False
CT26040503,AK26010728,2026-04-01,2026-05-07,1008,2,クルー,仲介,8,,368722,,False
CT26030504,AK26010729,2026-03-11,2026-04-01,1002,1,正社員,買取,,PR26040188,0,19677671,False
CT26030505,AK26010730,2026-03-12,2026-04-19,1004,1,派遣,買取,,PR26040189,0,13533664,False
CT26030506,AK26010731,2026-03-17,2026-04-28,1004,1,派遣,仲介,8,,684336,,False
CT26020507,AK26010732,2026-02-09,2026-03-16,1012,2,正社員,買取,,PR26030190,0,14721276,False
CT26040508,AK26020740,2026-04-04,2026-04-24,1010,2,正社員,仲介,8,,510281,,False
CT26030509,AK26020741,2026-03-07,2026-04-17,1012,2,正社員,仲介,8,,655497,,False
CT26050510,AK26020742,2026-05-16,2026-06-29,1011,2,正社員,買取,,PR26060191,0,10331800,False
CT26030511,AK26020743,2026-03-10,2026-04-15,1005,1,正社員,買取,,PR26040192,0,13858734,False
CT26040512,AK26020744,2026-04-24,2026-05-20,1003,1,正社員,仲介,8,,548336,,False
CT26040513,AK26020746,2026-04-22,2026-05-19,1011,2,正社員,仲介,8,,430320,,False
CT26040514,AK26020751,2026-04-09,2026-05-05,1011,2,正社員,買取,,PR26050193,0,19993020,False
CT26050515,AK26020752,2026-05-16,2026-06-18,1004,1,派遣,仲介,8,,640711,,False
CT26040516,AK26020754,2026-04-11,2026-05-17,1009,2,正社員,買取,,PR26050194,0,15257757,False
CT26040517,AK26020755,2026-04-19,2026-05-19,1003,1,正社員,仲介,8,,547005,,False
CT26040518,AK26020757,2026-04-24,2026-06-07,1008,2,クルー,買取,,PR26060195,0,11639274,False
CT26040519,AK26020758,2026-04-05,2026-05-14,1010,2,正社員,買取,,PR26050196,0,17726177,False
CT26060520,AK26030761,2026-06-09,2026-07-06,1010,2,正社員,買取,,PR26070197,0,19201125,False
CT26060521,AK26030763,2026-06-22,2026-07-15,1008,2,クルー,買取,,PR26070198,0,11238901,False
CT26050522,AK26030764,2026-05-09,2026-06-09,1012,2,正社員,買取,,PR26060199,0,8381923,False
CT26060523,AK26030766,2026-06-05,2026-06-29,1001,1,クルー,買取,,PR26060200,0,13662916,False
CT26040524,AK26030769,2026-04-20,2026-05-25,1005,1,正社員,買取,,PR26050201,0,14867284,False
CT26060525,AK26030771,2026-06-14,2026-07-10,1010,2,正社員,買取,,PR26070202,0,11199087,False
CT26060526,AK26030772,2026-06-05,2026-06-27,1002,1,正社員,仲介,8,,748157,,False
CT26030527,AK26030773,2026-03-30,2026-05-13,1002,1,正社員,買取,,PR26050203,0,7368566,False
CT26050528,AK26030775,2026-05-31,2026-06-24,1001,1,クルー,仲介,8,,341392,,False
CT26040529,AK26030776,2026-04-06,2026-05-05,1002,1,正社員,仲介,8,,463516,,False
CT26050530,AK26030777,2026-05-22,2026-06-26,1001,1,クルー,仲介,8,,631673,,False
CT26050531,AK26030780,2026-05-07,2026-06-02,1012,2,正社員,買取,,PR26060204,0,13161440,False
CT26050532,AK26030781,2026-05-19,2026-06-29,1010,2,正社員,買取,,PR26060205,0,12751501,False
CT26060533,AK26030783,2026-06-14,2026-07-06,1011,2,正社員,買取,,PR26070206,0,4646684,False
CT26060534,AK26030785,2026-06-03,2026-07-16,1004,1,派遣,買取,,PR26070207,0,9772474,False
CT26050535,AK26030786,2026-05-30,2026-06-27,1008,2,クルー,買取,,PR26060208,0,7085678,False
CT26040536,AK26030788,2026-04-06,2026-04-28,1004,1,派遣,買取,,PR26040209,0,15232309,False
CT26040537,AK26030792,2026-04-22,2026-05-29,1003,1,正社員,仲介,8,,309604,,False
CT26050538,AK26030793,2026-05-03,2026-06-15,1011,2,正社員,仲介,8,,601503,,False
CT26040539,AK26030796,2026-04-12,2026-05-26,1003,1,正社員,買取,,PR26050210,0,17822207,False
CT26040540,AK26030797,2026-04-07,2026-05-08,1012,2,正社員,買取,,PR26050211,0,7339283,False
CT26040541,AK26030799,2026-04-21,2026-05-18,1003,1,正社員,買取,,PR26050212,0,19709003,False
CT26050542,AK26030800,2026-05-09,2026-06-22,1001,1,クルー,買取,,PR26060213,0,33646038,False
